CPU,RAM,BINARY
3.59,24.46,0
25.88,24.57,0
0.16,24.62,0
0,24.66,0
0.11,24.72,0
0.35,24.74,0
0.59,24.65,0
0.14,24.67,0
0.24,24.69,0
0,24.72,0
0.29,24.76,0
0,24.79,0
0.2,24.8,0
0,24.8,0
0,24.85,0
0.7,24.86,0
0,24.86,0
0.83,24.88,0
0.56,24.9,0
0,24.9,0
0,24.83,0
0.31,24.84,0
0.43,24.84,0
0,24.87,0
0.41,24.9,0
0,24.93,0
0.39,24.97,0
0.09,24.97,0
0,24.91,0
0,24.93,0
0.48,24.95,0
25.17,24.97,0
0.32,25,0
0.26,25.07,0
0,25.16,0
0.3,25.18,0
0.38,25.25,0
0.06,25.28,0
0,25.33,0
1.09,25.33,0
0,25.35,0
26,25.36,0
0,25.38,0
1.44,25.39,0
0,25.35,0
0.09,25.33,0
0.28,25.33,0
0.43,25.34,0
0,25.35,0
0.97,25.35,0
0,25.38,0
0,25.42,0
0,25.44,0
0.17,25.45,0
1.23,25.46,0
0,25.47,0
0.07,25.48,0
0.02,25.49,0
0.37,25.5,0
0.35,25.51,0
0,25.51,0
0,25.53,0
0,25.53,0
0,25.53,0
1.62,25.53,0
0,25.54,0
0.11,25.56,0
0,25.56,0
0.53,25.53,0
0,25.52,0
0.57,25.54,0
0.18,25.54,0
0,25.54,0
1.4,25.56,0
0,25.58,0
1.18,25.59,0
0.04,25.61,0
0,25.62,0
0.04,25.63,0
0,25.63,0
0.83,25.66,0
24.11,25.68,0
1.21,25.69,0
0,25.71,0
0.14,25.71,0
0,25.73,0
0.94,25.75,0
0,25.75,0
0.04,25.77,0
0.2,25.78,0
1.67,25.8,0
0,25.81,0
0,25.78,0
0.83,25.77,0
0,25.78,0
0,25.87,0
0.66,25.88,0
0,25.88,0
0,25.88,0
0.53,25.88,0
0,25.93,0
0,25.97,0
0,25.98,0
1.74,25.99,0
0,25.99,0
0.2,26,0
0.09,26.02,0
0,26.02,0
0,26.03,0
0.59,26.06,0
0,26.07,0
0.23,25.99,0
0,25.98,0
0,25.99,0
0.05,25.72,0
0.02,25.32,0
1.48,25.19,0
0,25.18,0
0,25.17,0
0,25.16,0
0,25.15,0
0.04,25.17,0
0.26,25.22,0
0,25.24,0
0.36,25.25,0
0,25.28,0
0,25.33,0
0.25,25.36,0
0,25.37,0
0.42,25.38,0
0,25.4,0
0,25.41,0
0,25.42,0
0,25.43,0
0,25.47,0
1.04,25.49,0
0,25.49,0
0.03,25.5,0
0,25.51,0
0.03,25.52,0
0.99,25.5,0
0.07,25.51,0
0,25.51,0
24.27,24.86,0
0.85,21.81,0
0,21.81,0
1.56,21.81,0
0,21.81,0
0.07,21.81,0
0.42,21.81,0
0.28,21.81,0
0.44,21.81,0
0,21.82,0
0,21.82,0
0.21,21.83,0
0,21.83,0
0.24,21.84,0
0,21.84,0
0.71,21.84,0
0,21.84,0
1.33,21.84,0
0,21.84,0
0.41,21.84,0
0.05,21.85,0
0,21.81,0
0.74,21.8,0
0.28,21.81,0
0,21.8,0
0.81,21.8,0
0,21.8,0
0.54,21.8,0
0,21.8,0
0.1,21.8,0
0,21.8,0
0,21.78,0
0.05,21.78,0
0.33,21.78,0
1.35,21.78,0
0,21.78,0
0.06,21.78,0
0,21.78,0
0,21.78,0
0.08,21.78,0
0,21.78,0
1.49,21.79,0
0,21.79,0
0.74,21.83,0
0,21.84,0
0,21.78,0
1.18,21.78,0
0,21.77,0
0.37,21.77,0
0.1,21.77,0
0.07,21.78,0
0,21.78,0
0.04,21.78,0
0,21.78,0
0.2,21.78,0
0.07,21.78,0
0.33,21.78,0
0,21.78,0
0.22,21.78,0
0.24,21.78,0
0,21.78,0
0,21.78,0
1.46,21.78,0
0,21.79,0
0,21.79,0
0.22,21.79,0
0.15,21.8,0
0,21.8,0
0.14,21.81,0
0.43,21.78,0
0.26,21.77,0
0,21.77,0
0,21.77,0
0.05,21.77,0
0,21.77,0
1.32,21.77,0
0.2,21.77,0
0,21.78,0
0,21.78,0
0,21.77,0
1.86,21.78,0
0,21.78,0
0,21.78,0
0.25,21.78,0
1.38,21.78,0
0,21.78,0
0,21.78,0
0.01,21.79,0
0.03,21.8,0
0,21.81,0
0,21.81,0
0.23,21.82,0
0.16,21.82,0
0,21.78,0
1.16,21.78,0
0.13,21.77,0
0,21.78,0
25.11,21.79,0
0.32,21.79,0
0.05,21.8,0
0,21.74,0
0,21.75,0
25.42,21.75,0
0,21.76,0
0,21.75,0
0.01,21.78,0
0,21.75,0
1,21.79,0
0,21.78,0
0,21.77,0
25.47,21.76,0
0,21.8,0
0,21.77,0
0.08,21.8,0
0.07,21.81,0
0,21.81,0
0.64,21.81,0
0,21.71,0
0,21.71,0
0.17,21.71,0
0,21.71,0
0,21.71,0
0.18,21.71,0
0.09,21.71,0
0.14,21.71,0
0.01,21.71,0
25.06,21.71,0
0.23,21.71,0
0.38,21.71,0
0,21.71,0
0.18,21.71,0
0.42,21.71,0
0,21.71,0
1.81,21.71,0
0,21.72,0
0.08,21.72,0
0.17,21.73,0
0,21.72,0
0,21.74,0
0.02,21.74,0
0,21.74,0
0.25,21.69,0
1.5,21.69,0
0,21.7,0
0,21.69,0
0.68,21.69,0
0,21.7,0
1.2,21.7,0
0,21.71,0
84.66,21.72,0
0,21.79,0
74.96,22.11,0
24.83,22.29,0
0.08,22.31,0
0,22.34,0
0.72,22.36,0
25.04,22.39,0
0.23,22.44,0
0,22.55,0
0,22.54,0
0.19,22.64,0
0,22.69,0
0.33,22.76,0
0,22.78,0
1.21,22.8,0
0,22.78,0
0,22.84,0
0.63,22.85,0
0.26,22.87,0
0,22.9,0
26.09,22.91,0
0,22.94,0
0,22.97,0
0.31,23,0
0,23.02,0
1.48,23.05,0
0,23.06,0
0.42,23.15,0
0.51,23.18,0
0,23.2,0
0.02,23.26,0
0.41,23.29,0
0.32,23.3,0
0,23.33,0
0,23.35,0
0.07,23.37,0
1.79,23.38,0
0,23.4,0
25,23.46,0
0.38,23.45,0
0.02,23.46,0
0,23.47,0
0,23.65,0
0,23.74,0
0.94,23.79,0
0,23.84,0
0.74,23.94,0
0,23.96,0
0.49,23.97,0
0,24,0
0.29,24.04,0
0.51,24.08,0
0,24.13,0
25,24.16,0
0.02,24.18,0
0.53,24.2,0
0,24.24,0
0,24.25,0
2.31,24.29,0
0,24.36,0
0.43,24.38,0
0,24.39,0
0,24.43,0
0.09,24.4,0
0.37,24.38,0
0.63,24.39,0
0,24.4,0
0,24.41,0
0,24.46,0
1.69,24.46,0
0,24.51,0
0,24.52,0
0.5,24.53,0
0.24,24.56,0
0.3,24.61,0
0.25,24.75,0
24.86,25.56,0
0,25.66,0
1.33,25.7,0
0,25.72,0
0.2,25.81,0
0,25.92,0
0.25,25.95,0
50.61,26.8,0
23.87,26.86,0
1.51,26.87,0
0,26.92,0
0.29,26.9,0
0,26.94,0
0.26,26.95,0
0.04,26.96,0
0.2,26.99,0
0.53,27.02,0
0,27.04,0
0.25,27.1,0
0,26.97,0
1.06,26.98,0
0,27.02,0
1.63,27.04,0
0,27.08,0
0.47,27.16,0
24.31,27.14,0
1.84,27.12,0
0,27.16,0
0.16,27.2,0
0.04,27.22,0
0.34,27.23,0
0,27.26,0
26.25,27.28,0
0,27.27,0
25.49,27.39,0
0,27.34,0
0,27.35,0
25,27.35,0
25.61,27.35,0
0.21,27.38,0
25.43,27.44,0
0,27.46,0
0,27.47,0
0,27.51,0
0,27.53,0
0,27.54,0
0.23,27.53,0
0,27.54,0
0.12,27.56,0
0,27.58,0
26.24,27.6,0
0,27.61,0
25.14,27.63,0
24.64,27.65,0
0.17,27.67,0
0.08,27.68,0
0.17,27.69,0
0.23,27.72,0
24.91,27.75,0
0.02,27.72,0
0.37,27.73,0
24.3,27.71,0
0.02,27.72,0
25.45,27.82,0
0.87,27.83,0
0,27.84,0
0.44,27.84,0
0.33,27.84,0
0,27.84,0
0.09,27.85,0
0,27.85,0
0.02,27.86,0
0,27.86,0
0.19,27.86,0
0,27.86,0
1.34,27.86,0
0,27.87,0
1.52,27.87,0
0,27.87,0
0,27.87,0
0,27.88,0
0,27.89,0
0.04,27.89,0
0,27.81,0
0.08,27.8,0
1.52,27.81,0
0.42,27.81,0
0,27.81,0
0.21,27.8,0
0.34,27.8,0
0,27.8,0
0,27.8,0
0.82,27.8,0
0,27.81,0
0.34,27.81,0
0,27.81,0
0,27.81,0
0,27.81,0
0,27.81,0
25.75,27.82,0
0,27.76,0
0,27.77,0
0,27.77,0
0,27.78,0
0,27.78,0
0,27.78,0
0,27.79,0
0.21,27.73,0
0.15,27.73,0
1.03,27.73,0
0,27.72,0
0.02,27.74,0
25.13,22.08,0
1.82,21.86,0
0.45,21.86,0
0,21.86,0
0.09,21.86,0
0.43,21.85,0
0,21.85,0
0.01,21.86,0
0,21.86,0
0.89,21.86,0
0.28,21.86,0
0,21.86,0
0.72,21.86,0
0,21.86,0
0,21.86,0
26.46,21.86,0
0,21.86,0
0.09,21.86,0
0.28,21.86,0
0,21.83,0
0,21.83,0
0,21.83,0
0.5,21.84,0
0.12,21.85,0
0.26,21.84,0
0,21.84,0
0,21.84,0
0.27,21.85,0
0.19,21.85,0
0,21.85,0
0,21.85,0
0,21.85,0
0.32,21.87,0
0.08,21.87,0
0.37,21.87,0
0,21.87,0
0.25,21.88,0
0,21.88,0
0.29,21.88,0
0,21.88,0
0,21.89,0
25.17,21.9,0
0,21.9,0
0.65,21.86,0
0,21.86,0
0.27,21.86,0
0.35,21.86,0
0,21.86,0
0.08,21.86,0
1.66,21.86,0
0,21.86,0
0,21.86,0
0.08,21.87,0
0,21.87,0
0.64,21.88,0
0,21.89,0
0.34,21.89,0
0,21.89,0
0,21.96,0
0.12,21.96,0
0.08,21.98,0
0,21.99,0
0,21.99,0
0,21.99,0
0,22,0
1.21,22,0
0,22,0
0,21.95,0
0,21.96,0
1.69,21.96,0
0,21.96,0
0,21.96,0
0.17,21.96,0
0.03,21.95,0
0.29,21.95,0
24.96,21.95,0
0.03,21.95,0
0,21.95,0
0.77,21.96,0
0,21.96,0
0,21.96,0
1.28,21.96,0
0,21.96,0
0.27,21.97,0
0,21.97,0
0,21.97,0
1.09,21.97,0
0,21.97,0
0.19,21.97,0
0.31,21.97,0
0,21.98,0
0.71,21.95,0
0,21.92,0
49.94,21.87,0
75.25,22.06,0
74.78,35.33,0
100,66.76,0
100,92.18,0
100,96.66,0
100,96.64,0
100,96.6,0
100,96.59,0
100,96.59,0
100,96.59,0
100,96.59,0
100,96.32,0
100,96.35,0
100,96.35,0
100,96.35,0
100,96.36,0
100,96.37,0
100,96.38,0
100,96.38,0
100,96.39,0
100,96.39,0
100,96.34,0
100,96.34,0
100,96.34,0
100,96.34,0
100,96.34,0
100,96.34,0
100,96.34,0
100,96.34,0
100,96.34,0
100,96.34,0
100,96.34,0
100,96.34,0
100,96.34,0
100,96.34,0
100,96.34,0
100,96.34,0
100,96.34,0
100,96.34,0
100,96.35,0
100,96.35,0
100,96.36,0
100,96.36,0
100,96.36,0
100,96.37,0
100,96.33,0
100,96.33,0
100,96.33,0
100,96.33,0
100,96.34,0
100,96.34,0
100,96.34,0
100,96.34,0
100,96.34,0
100,96.34,0
100,96.34,0
100,96.34,0
100,96.35,0
100,96.35,0
100,96.35,0
100,96.35,0
100,96.35,0
100,96.35,0
100,96.35,0
100,96.35,0
100,96.35,0
100,96.36,0
100,96.36,0
100,96.36,0
100,96.33,0
100,96.33,0
100,96.33,0
100,96.34,0
100,96.34,0
100,96.35,0
100,96.38,0
100,96.43,0
100,96.54,0
100,96.55,0
100,96.79,0
100,96.86,0
100,95.79,0
100,95.79,0
100,95.79,0
100,95.8,0
100,95.8,0
100,95.86,0
100,95.88,0
100,95.94,0
100,95.98,0
100,96.14,0
100,96.33,0
100,96.36,0
100,96.39,0
100,96.47,0
100,96.54,0
100,96.67,0
100,96.67,0
100,96.68,0
100,96.69,0
100,96.7,0
100,96.72,0
100,96.72,0
100,96.74,0
100,96.75,0
100,96.77,0
100,96.78,0
100,96.79,0
100,96.81,0
100,96.82,0
100,96.84,0
100,95.48,0
100,95.49,0
100,95.49,0
100,95.49,0
100,95.5,0
100,95.62,0
100,95.59,0
100,95.59,0
100,95.66,0
100,95.71,0
100,95.75,0
100,95.7,0
100,95.72,0
100,95.75,0
100,95.75,0
100,95.77,0
100,95.77,0
100,95.79,0
100,95.82,0
100,95.82,0
100,95.83,0
100,95.87,0
100,95.89,0
100,95.92,0
100,95.9,0
100,95.91,0
100,95.92,0
100,95.96,0
100,95.98,0
100,95.98,0
100,95.94,0
100,95.99,0
100,96.03,0
100,96.05,0
100,96.07,0
100,96.1,0
100,96.13,0
100,96.14,0
100,96.17,0
100,96.21,0
100,96.23,0
100,96.25,0
100,96.25,0
100,96.27,0
100,96.29,0
100,96.35,0
100,96.36,0
100,96.39,0
100,96.4,0
100,96.41,0
100,96.43,0
100,96.47,0
100,96.52,0
100,96.59,0
100,96.54,0
100,96.55,0
100,96.55,0
100,96.56,0
100,96.57,0
100,96.6,0
100,96.61,0
100,96.63,0
100,96.66,0
100,96.68,0
100,96.71,0
100,96.73,0
100,96.74,0
100,96.76,0
100,96.79,0
100,96.83,0
100,96.87,0
100,96.89,0
100,96.9,0
100,96.91,0
100,96.94,0
100,96.95,0
100,96.95,0
100,96.96,0
100,96.92,0
100,96.92,0
100,96.92,0
100,96.92,0
100,96.95,0
100,97.02,0
100,97.03,0
100,97.04,0
100,97.11,0
100,97.12,0
100,97.14,0
100,97.16,0
100,97.16,0
100,97.17,0
100,97.18,0
100,97.21,0
100,97.2,0
100,97.21,0
100,97.22,0
100,97.24,0
100,97.26,0
100,97.28,0
100,97.29,0
100,97.3,0
100,97.25,0
100,97.25,0
100,97.24,0
100,97.26,0
100,97.26,0
100,97.27,0
100,97.27,0
100,97.3,0
100,97.31,0
100,97.33,0
100,97.37,0
100,97.37,0
100,97.38,0
100,97.39,0
100,97.4,0
100,97.41,0
100,96.8,0
100,96.44,0
100,96.45,0
100,96.45,0
100,96.35,0
100,96.36,0
100,96.37,0
100,96.38,0
100,96.33,0
100,96.34,0
100,96.38,0
100,96.39,0
100,96.43,0
100,96.44,0
100,96.46,0
100,96.47,0
100,96.49,0
100,96.5,0
100,96.51,0
100,96.52,0
100,96.5,0
100,96.51,0
100,96.49,0
100,96.5,0
100,96.5,0
100,96.51,0
100,96.51,0
100,96.52,0
100,96.53,0
100,96.54,0
100,96.55,0
100,96.55,0
100,96.5,0
100,96.51,0
100,96.51,0
100,96.53,0
100,96.53,0
100,96.55,0
100,96.56,0
100,96.59,0
100,96.6,0
100,96.62,0
100,96.62,0
100,96.63,0
100,96.65,0
100,96.67,0
100,96.67,0
100,96.68,0
100,96.69,0
100,96.7,0
100,96.72,0
100,96.73,0
100,96.76,0
100,96.78,0
100,96.81,0
100,96.82,0
100,96.77,0
100,96.77,0
100,96.78,0
100,96.81,0
100,96.82,0
100,96.83,0
100,96.89,0
100,96.91,0
100,96.97,0
100,97.02,0
100,97.44,0
100,97.93,0
100,97.94,0
100,97.94,0
100,97.95,0
100,97.96,0
100,98,0
100,98.05,0
100,98.06,0
100,98.08,0
100,98.13,0
100,98.17,0
100,98.2,0
100,98.21,0
100,97.08,0
100,97.08,0
100,97.08,0
100,97.09,0
100,97.06,0
100,97.08,0
100,97.08,0
100,97.06,0
100,97.07,0
100,97.07,0
100,97.08,0
100,97.16,0
100,97.25,0
100,97.28,0
100,97.28,0
100,97.3,0
100,97.31,0
100,97.32,0
100,97.34,0
100,97.35,0
100,97.35,0
100,97.37,0
100,97.41,0
100,97.43,0
100,97.51,0
100,97.53,0
100,97.59,0
100,97.67,0
100,97.68,0
100,97.7,0
100,97.71,0
100,97.72,0
100,96.87,0
100,96.87,0
100,96.87,0
100,96.88,0
100,96.88,0
100,96.88,0
100,96.89,0
100,96.87,0
100,96.86,0
100,96.87,0
100,96.88,0
100,96.89,0
100,96.9,0
100,96.91,0
100,96.88,0
100,96.86,0
100,96.81,0
100,96.84,0
100,96.86,0
100,96.87,0
100,96.88,0
100,96.9,0
100,96.9,0
100,96.91,0
100,96.92,0
100,96.94,0
100,96.97,0
100,96.97,0
100,96.98,0
100,96.99,0
100,97.02,0
100,97.03,0
100,97.06,0
100,97.08,0
100,97.09,0
100,97.1,0
100,97.12,0
100,97.09,0
100,97.11,0
100,97.12,0
100,97.06,0
100,97.06,0
100,97.07,0
100,97.07,0
100,97.09,0
100,97.1,0
100,97.11,0
100,97.11,0
100,97.16,0
100,97.17,0
100,97.19,0
100,97.2,0
100,97.21,0
100,97.23,0
100,97.25,0
100,97.26,0
100,97.28,0
100,97.29,0
100,97.31,0
100,97.31,0
100,97.32,0
100,97.33,0
100,97.34,0
100,97.35,0
100,97.3,0
100,97.31,0
100,97.31,0
100,97.31,0
100,97.32,0
100,97.34,0
100,97.36,0
100,97.37,0
100,97.38,0
100,97.41,0
100,97.39,0
100,97.39,0
100,97.4,0
100,97.41,0
100,97.42,0
100,97.43,0
100,97.43,0
100,97.44,0
100,97.46,0
100,97.47,0
100,97.48,0
100,97.49,0
100,97.5,0
100,97.51,0
100,97.46,0
100,97.47,0
100,97.47,0
100,97.51,0
100,97.52,0
100,97.52,0
100,97.53,0
100,97.53,0
100,97.54,0
100,97.55,0
100,97.57,0
100,97.58,0
100,97.59,0
100,97.6,0
100,97.61,0
100,97.63,0
100,97.64,0
100,97.64,0
100,97.66,0
100,97.67,0
100,97.68,0
100,97.69,0
100,97.77,0
100,96.65,0
100,96.6,0
100,96.61,0
100,96.63,0
100,96.68,0
100,96.77,0
100,96.85,0
100,96.94,0
100,97.06,0
100,97.12,0
100,97.13,0
100,97.28,0
100,97.5,0
100,96.71,0
100,96.72,0
100,96.73,0
100,96.73,0
100,96.74,0
100,96.59,0
100,96.61,0
100,96.62,0
100,96.62,0
100,96.61,0
100,96.62,0
100,96.64,0
100,96.6,0
100,96.61,0
100,96.62,0
100,96.62,0
100,96.63,0
100,96.63,0
100,96.64,0
100,96.65,0
100,96.66,0
100,96.67,0
100,96.67,0
100,96.68,0
100,96.68,0
100,96.69,0
100,96.7,0
100,96.71,0
100,96.73,0
100,96.74,0
100,96.74,0
100,96.75,0
100,96.75,0
100,96.76,0
100,96.78,0
100,96.79,0
100,96.74,0
100,96.74,0
100,96.74,0
100,96.75,0
100,96.76,0
100,96.8,0
100,96.81,0
100,96.83,0
100,96.86,0
100,96.88,0
100,96.88,0
100,96.89,0
100,96.94,0
100,96.95,0
100,96.96,0
100,96.97,0
100,96.98,0
100,96.99,0
100,97,0
100,97.04,0
100,97.05,0
100,97.06,0
100,97.06,0
100,97.07,0
100,97.01,0
100,97.01,0
100,97.03,0
100,97.04,0
100,97.08,0
100,97.09,0
100,97.11,0
100,97.13,0
100,97.14,0
100,97.15,0
100,97.15,0
100,97.14,0
100,97.14,0
100,97.15,0
100,97.16,0
100,97.19,0
100,97.21,0
100,97.23,0
100,97.25,0
100,97.27,0
100,97.29,0
100,97.31,0
100,97.32,0
100,97.32,0
100,97.28,0
100,97.28,0
100,97.28,0
100,97.29,0
100,97.3,0
100,97.32,0
100,97.34,0
100,97.34,0
100,97.36,0
100,97.36,0
100,97.37,0
100,97.38,0
100,97.38,0
100,97.4,0
100,97.4,0
100,97.41,0
100,97.42,0
100,97.28,0
100,97.28,0
100,97.27,0
100,97.26,0
100,97.28,0
100,97.3,0
100,97.31,0
100,97.25,0
100,97.24,0
100,97.28,0
100,97.29,0
100,97.29,0
100,97.3,0
100,97.31,0
100,97.32,0
100,97.33,0
100,97.34,0
100,97.35,0
100,97.36,0
100,97.37,0
100,97.38,0
100,97.4,0
100,97.41,0
100,97.4,0
100,97.41,0
100,97.41,0
100,97.45,0
100,97.47,0
100,97.47,0
100,97.49,0
100,97.51,0
100,97.46,0
100,97.46,0
100,97.45,0
100,97.44,0
100,97.4,0
100,97.4,0
100,97.41,0
100,97.42,0
100,97.43,0
100,97.44,0
100,97.43,0
100,97.44,0
100,97.45,0
100,97.45,0
100,97.48,0
100,97.49,0
100,97.51,0
100,97.51,0
100,97.52,0
100,97.53,0
100,97.54,0
100,97.55,0
100,97.57,0
100,97.58,0
100,97.53,0
100,97.54,0
100,97.56,0
100,97.57,0
100,97.6,0
100,97.61,0
100,97.62,0
100,97.64,0
100,97.64,0
100,97.66,0
100,97.69,0
100,97.73,0
100,97.74,0
100,97.72,0
100,97.74,0
100,97.75,0
100,97.76,0
100,96.79,0
100,96.79,0
100,96.8,0
100,96.8,0
100,96.77,0
100,96.78,0
100,96.79,0
100,96.77,0
100,96.78,0
100,96.78,0
100,96.79,0
100,96.81,0
100,96.81,0
100,96.82,0
100,96.84,0
100,96.85,0
100,96.86,0
100,96.88,0
100,96.9,0
100,96.91,0
100,96.93,0
100,96.9,0
100,96.9,0
100,96.92,0
100,96.93,0
100,96.97,0
100,96.99,0
100,97,0
100,97.02,0
100,97.03,0
100,97.04,0
100,96.99,0
100,97,0
100,97,0
100,97,0
100,97.02,0
100,97.02,0
100,97.03,0
100,97.04,0
100,97.05,0
100,97.07,0
100,97.08,0
100,97.08,0
100,97.1,0
100,97.11,0
100,97.13,0
100,97.15,0
100,97.15,0
100,97.17,0
100,97.19,0
100,97.2,0
100,97.2,0
100,97.21,0
100,97.21,0
100,97.22,0
100,97.17,0
100,97.13,0
100,97.13,0
100,97.13,0
100,97.16,0
100,97.16,0
100,97.16,0
100,97.17,0
100,97.17,0
100,97.18,0
100,97.19,0
100,97.23,0
100,97.24,0
100,97.25,0
100,97.26,0
100,97.27,0
100,97.29,0
100,97.29,0
100,97.3,0
100,97.31,0
100,97.32,0
100,97.33,0
100,97.33,0
100,97.34,0
100,97.29,0
100,97.29,0
100,97.29,0
100,97.31,0
100,97.32,0
100,97.33,0
100,97.34,0
100,97.35,0
100,97.36,0
100,97.37,0
100,97.38,0
100,97.38,0
100,97.37,0
100,97.38,0
100,97.38,0
100,97.39,0
100,97.4,0
100,97.41,0
100,97.43,0
100,97.44,0
100,97.45,0
100,97.47,0
100,97.48,0
100,97.48,0
100,97.44,0
100,97.44,0
100,97.45,0
100,97.46,0
100,97.46,0
100,97.48,0
100,97.48,0
100,97.49,0
100,97.5,0
100,97.51,0
100,97.52,0
100,97.53,0
100,97.53,0
100,97.54,0
100,97.56,0
100,97.57,0
100,97.58,0
100,97.58,0
100,97.58,0
100,97.6,0
100,97.62,0
100,97.65,0
100,97.67,0
100,97.69,0
100,97.65,0
100,97.66,0
100,97.66,0
100,97.68,0
100,97.68,0
100,97.71,0
100,97.74,0
100,97.75,0
100,97.77,0
100,97.78,0
100,97.8,0
100,97.81,0
100,97.82,0
100,97.83,0
100,97.85,0
100,97.86,0
100,97.88,0
100,97.89,0
100,97.91,0
100,97.97,0
100,98.05,0
100,98.09,0
100,98.11,0
100,98.15,0
100,97.04,0
100,97.04,0
100,97.05,0
100,97.05,0
100,97.05,0
100,97.06,0
100,97.06,0
100,97.09,0
100,97.13,0
100,97.16,0
100,97.11,0
100,97.1,0
100,97.12,0
100,97.13,0
100,97.14,0
100,97.14,0
100,97.15,0
100,97.17,0
100,97.18,0
100,97.2,0
100,97.22,0
100,97.22,0
100,97.23,0
100,97.24,0
100,97.21,0
100,97.21,0
100,97.22,0
100,97.25,0
100,97.26,0
100,97.26,0
100,97.28,0
100,97.27,0
100,97.47,0
100,97.49,0
100,97.51,0
100,97.52,0
100,97.55,0
100,97.57,0
100,97.58,0
100,97.59,0
100,97.6,0
100,97.61,0
100,97.61,0
100,97.63,0
100,97.63,0
100,97.09,0
100,96.81,0
100,96.82,0
100,96.77,0
100,96.78,0
100,96.79,0
100,96.79,0
100,96.82,0
100,96.83,0
100,96.87,0
100,96.9,0
100,96.9,0
100,96.95,0
100,96.97,0
100,96.98,0
100,97,0
100,97.02,0
100,97.04,0
100,97.05,0
100,97.08,0
100,97.09,0
100,97.1,0
100,97.1,0
100,97.11,0
100,97.13,0
100,97.14,0
100,97.19,0
100,97.15,0
100,97.13,0
100,97.14,0
100,97.14,0
100,97.15,0
100,97.17,0
100,97.19,0
100,97.21,0
100,97.24,0
100,97.26,0
100,97.27,0
100,97.29,0
100,97.3,0
100,97.3,0
100,97.32,0
100,97.26,0
100,97.25,0
100,97.26,0
100,97.31,0
100,97.59,0
100,97.61,0
100,97.62,0
100,97.62,0
100,97.66,0
100,97.62,0
100,97.63,0
100,97.63,0
100,97.64,0
100,97.65,0
100,97.69,0
100,97.71,0
100,97.72,0
100,97.73,0
100,97.79,0
100,96.74,0
100,96.46,0
100,96.46,0
100,96.47,0
100,96.49,0
100,96.49,0
100,96.49,0
100,96.52,0
100,96.54,0
100,96.56,0
100,96.56,0
100,96.86,0
100,96.88,0
100,96.89,0
100,96.86,0
100,96.87,0
100,96.13,0
100,95.91,0
100,95.92,0
100,95.92,0
100,95.92,0
100,95.93,0
100,95.94,0
100,95.95,0
100,95.97,0
100,95.97,0
100,96,0
100,96.01,0
100,96.02,0
100,96.04,0
100,96.05,0
100,96.06,0
100,96.08,0
100,96.1,0
100,96.12,0
100,95.89,0
100,95.91,0
100,95.92,0
100,95.87,0
100,95.88,0
100,95.89,0
100,95.89,0
100,95.93,0
100,95.94,0
100,95.95,0
100,95.97,0
100,96.02,0
100,96.03,0
100,96.03,0
100,96.05,0
100,96.06,0
100,96.07,0
100,96.08,0
100,96.1,0
100,96.12,0
100,96.13,0
100,96.15,0
100,96.15,0
100,96.16,0
100,96.18,0
100,96.2,0
100,96.21,0
100,96.16,0
100,96.16,0
100,96.16,0
100,96.17,0
100,96.2,0
100,96.21,0
100,96.22,0
100,96.2,0
100,96.21,0
100,96.21,0
100,96.21,0
100,96.23,0
100,96.25,0
100,96.26,0
100,96.27,0
100,96.29,0
100,96.31,0
100,96.31,0
100,96.07,0
100,96.07,0
100,96.07,0
100,96.09,0
100,96.09,0
100,96.11,0
100,96.05,0
100,96.05,0
100,96.06,0
100,96.07,0
100,96.08,0
100,96.08,0
100,96.09,0
100,96.11,0
100,96.11,0
100,96.14,0
100,96.16,0
100,96.18,0
100,96.19,0
100,96.21,0
100,95.53,0
100,95.62,0
100,95.64,0
100,95.65,0
100,95.66,0
100,95.68,0
100,95.69,0
100,95.7,0
100,95.71,0
100,95.72,0
100,95.68,0
100,95.67,0
100,95.69,0
100,95.73,0
100,95.77,0
100,95.79,0
100,95.79,0
100,95.77,0
100,95.81,0
100,95.82,0
100,95.89,0
100,95.9,0
100,95.94,0
100,95.95,0
100,95.96,0
100,96.04,0
100,96.05,0
100,96.04,0
100,96.06,0
100,96.1,0
100,96.13,0
100,96.15,0
100,96.18,0
100,96.19,0
100,96.14,0
100,96.16,0
100,96.15,0
100,96.16,0
100,96.18,0
100,96.18,0
100,96.19,0
100,96.2,0
100,96.22,0
100,96.24,0
100,96.25,0
100,96.26,0
100,96.25,0
100,96.29,0
100,96.3,0
100,96.31,0
100,96.32,0
100,96.33,0
100,96.35,0
100,96.34,0
100,96.35,0
100,96.37,0
100,96.38,0
100,96.39,0
100,96.33,0
100,96.27,0
100,96.28,0
100,96.29,0
100,96.3,0
100,96.31,0
100,96.32,0
100,96.34,0
100,96.35,0
100,96.37,0
100,96.41,0
100,96.42,0
100,96.43,0
100,96.44,0
100,96.52,0
100,96.52,0
100,96.55,0
100,96.58,0
100,96.61,0
100,96.67,0
100,96.71,0
100,96.72,0
100,96.74,0
100,96.75,0
100,96.7,0
100,96.7,0
100,96.71,0
100,96.73,0
100,96.73,0
100,96.74,0
100,96.74,0
100,96.76,0
100,96.77,0
100,96.77,0
100,96.79,0
100,96.79,0
100,96.8,0
100,96.81,0
100,96.84,0
100,96.86,0
100,96.91,0
100,96.92,0
100,96.93,0
100,96.95,0
100,96.98,0
100,97.04,0
100,97.03,0
100,96.11,0
100,96.06,0
100,96.06,0
100,96.06,0
100,96.08,0
100,96.07,0
100,96.08,0
100,96.08,0
100,96.09,0
100,96.06,0
100,96.07,0
100,96.08,0
100,96.11,0
100,96.11,0
100,96.12,0
100,96.13,0
100,96.14,0
100,96.15,0
100,96.16,0
100,96.17,0
100,96.19,0
100,96.2,0
100,96.21,0
100,96.22,0
100,96.23,0
100,96.18,0
100,96.18,0
100,96.19,0
100,96.19,0
100,96.19,0
100,96.2,0
100,96.21,0
100,96.23,0
100,96.23,0
100,96.24,0
100,96.38,0
100,96.39,0
100,96.4,0
100,96.41,0
100,96.42,0
100,96.43,0
100,96.45,0
100,96.46,0
100,96.47,0
100,96.47,0
100,96.49,0
100,96.51,0
100,96.57,0
100,96.58,0
100,96.53,0
100,96.52,0
100,96.52,0
100,96.53,0
100,96.54,0
100,96.54,0
100,96.56,0
100,96.57,0
100,96.58,0
100,96.59,0
100,96.6,0
100,96.6,0
100,96.62,0
100,96.64,0
100,96.65,0
100,96.65,0
100,96.66,0
100,96.68,0
100,96.68,0
100,96.69,0
100,96.8,0
100,96.85,0
100,96.86,0
100,96.88,0
100,96.83,0
100,96.83,0
100,96.83,0
100,96.84,0
100,96.86,0
100,96.87,0
100,96.85,0
100,96.87,0
100,96.88,0
100,96.92,0
100,96.92,0
100,96.93,0
100,96.98,0
100,96.99,0
100,97.02,0
100,97.01,0
100,97.03,0
100,97.06,0
100,97.06,0
100,97.07,0
100,97.08,0
100,97.08,0
100,97.08,0
100,97.09,0
100,97.04,0
100,97.04,0
100,97.04,0
100,97.06,0
100,97.07,0
100,97.08,0
100,97.09,0
100,97.12,0
100,97.14,0
100,97.16,0
100,97.17,0
100,97.18,0
100,97.19,0
100,97.2,0
100,97.21,0
100,97.22,0
100,97.23,0
100,97.24,0
100,97.27,0
100,97.29,0
100,97.26,0
100,97.26,0
100,97.26,0
100,97.29,0
100,97.23,0
100,97.26,0
100,97.27,0
100,97.28,0
100,97.29,0
100,97.3,0
100,97.32,0
100,97.36,0
100,97.42,0
100,96.52,0
100,96.52,0
100,96.53,0
100,96.53,0
100,96.55,0
100,96.46,0
100,96.46,0
100,96.46,0
100,96.47,0
100,96.47,0
100,96.48,0
100,96.49,0
100,96.49,0
100,96.49,0
100,96.5,0
100,96.45,0
100,96.44,0
100,96.44,0
100,96.44,0
100,96.45,0
100,96.42,0
100,96.42,0
100,96.43,0
100,96.44,0
100,96.45,0
100,96.45,0
100,96.46,0
100,96.49,0
100,96.5,0
100,96.52,0
100,96.52,0
100,96.53,0
100,96.53,0
100,96.54,0
100,96.55,0
100,96.58,0
100,96.6,0
100,96.61,0
100,96.62,0
70.62,96.59,0
9.49,96.59,0
9.37,96.59,0
0,96.62,0
18.64,96.62,0
38.85,96.63,0
9.75,96.64,0
0,96.64,0
9.46,96.66,1
9.37,96.68,0
0,96.69,0
9.54,96.71,1
9.49,96.71,0
0,96.74,0
100,96.72,0
70.12,96.73,0
0,96.74,0
8.4,96.75,0
8.45,96.7,0
0,96.71,0
8.74,96.72,0
9.46,96.73,0
9.43,96.77,1
0,96.78,0
41.27,96.74,0
39.53,96.74,0
100,96.75,0
100,96.76,0
100,96.77,0
100,96.79,0
100,96.81,0
100,96.82,0
100,96.83,0
100,96.84,0
100,96.85,0
100,96.86,0
100,96.89,0
100,96.91,0
100,96.92,0
100,96.93,0
100,96.94,0
100,96.95,0
100,96.96,0
100,96.98,0
100,96.99,0
100,97.02,0
100,97.03,0
100,97.04,0
100,97,0
100,97,0
100,96.99,0
100,96.99,0
100,97.02,0
100,97.03,0
100,97.08,0
100,97.09,0
100,97.1,0
100,97.12,0
100,97.13,0
100,97.14,0
100,97.17,0
100,97.16,0
100,97.17,0
100,97.18,0
100,97.17,0
100,97.2,0
100,97.21,0
100,97.23,0
100,97.22,0
100,97.23,0
100,97.24,0
100,97.26,0
100,97.21,0
100,97.2,0
100,97.2,0
100,97.24,0
100,97.25,0
100,97.26,0
100,97.28,0
100,97.3,0
100,97.32,0
100,97.35,0
100,97.36,0
100,96.83,0
100,96.66,0
100,96.67,0
100,96.67,0
100,96.68,0
100,96.7,0
100,96.7,0
100,96.71,0
100,96.72,0
100,96.74,0
100,96.74,0
100,96.74,0
100,96.75,0
100,96.7,0
100,96.7,0
100,96.7,0
100,96.7,0
100,96.7,0
100,96.71,0
100,96.74,0
100,96.76,0
100,96.78,0
100,96.8,0
100,96.82,0
100,96.84,0
100,96.86,0
100,96.87,0
100,96.88,0
100,96.9,0
100,96.91,0
100,96.94,0
100,96.95,0
100,96.96,0
100,97,0
100,97.02,0
100,97.04,0
100,97.05,0
100,96.99,0
100,97,0
100,97,0
100,97.02,0
100,97.03,0
100,97.03,0
100,97.04,0
100,97.05,0
100,97.06,0
100,97.08,0
100,97.09,0
100,97.1,0
100,97.11,0
100,97.13,0
100,97.18,0
100,97.2,0
100,97.21,0
100,97.22,0
100,97.24,0
100,97.26,0
100,97.28,0
100,97.29,0
100,97.31,0
100,97.34,0
100,97.3,0
100,97.32,0
100,97.32,0
100,97.32,0
100,97.33,0
100,97.33,0
100,97.33,0
100,97.34,0
100,97.35,0
100,97.37,0
100,97.38,0
100,97.39,0
100,97.4,0
100,97.41,0
100,97.44,0
100,97.44,0
100,97.49,0
100,97.51,0
100,97.52,0
100,97.53,0
100,97.54,0
100,97.57,0
100,97.58,0
100,97.58,0
100,97.52,0
100,97.52,0
100,97.53,0
100,97.53,0
100,97.54,0
100,97.55,0
100,97.55,0
100,97.56,0
100,97.59,0
100,97.6,0
100,97.61,0
100,97.62,0
100,97.63,0
100,97.64,0
100,97.65,0
100,97.66,0
100,97.66,0
100,97.68,0
100,97.69,0
100,97.71,0
100,97.72,0
100,97.74,0
100,97.75,0
100,97.76,0
100,97.72,0
100,97.72,0
100,97.73,0
100,97.73,0
100,97.74,0
100,97.75,0
100,97.76,0
100,97.77,0
100,97.78,0
100,97.73,0
100,97.73,0
100,97.72,0
100,97.73,0
100,97.74,0
100,97.75,0
100,97.76,0
100,97.78,0
100,97.79,0
100,97.8,0
100,97.8,0
100,97.84,0
100,97.87,0
100,97.87,0
100,97.88,0
100,97.83,0
100,97.83,0
100,97.83,0
100,97.83,0
100,97.83,0
100,97.83,0
100,97.82,0
100,97.83,0
100,97.83,0
100,97.83,0
100,97.84,0
100,97.85,0
100,97.85,0
100,97.85,0
100,97.85,0
100,97.86,0
100,97.86,0
100,97.87,0
100,97.88,0
100,97.89,0
100,97.9,0
100,97.91,0
100,97.94,0
100,98.01,0
100,97.99,0
100,97.99,0
100,97.99,0
100,98,0
100,98.01,0
100,98.02,0
100,98.04,0
100,98.05,0
100,98.06,0
100,98.07,0
100,98.06,0
100,98.07,0
100,98.1,0
100,98.12,0
100,97.03,0
100,96.56,0
100,96.57,0
100,96.59,0
100,96.59,0
100,96.6,0
100,96.62,0
100,96.62,0
100,96.63,0
100,96.64,0
100,96.6,0
100,96.6,0
100,96.61,0
100,96.63,0
100,96.63,0
100,96.64,0
100,96.65,0
100,96.66,0
100,96.67,0
100,96.68,0
100,96.7,0
100,96.71,0
100,96.72,0
100,96.72,0
100,96.73,0
100,96.74,0
100,96.75,0
100,96.76,0
100,96.77,0
100,96.78,0
100,96.78,0
100,96.79,0
100,96.8,0
100,96.81,0
100,96.76,0
100,96.76,0
100,96.76,0
100,96.78,0
100,96.78,0
100,96.78,0
100,96.79,0
100,96.8,0
100,96.82,0
100,96.83,0
100,96.83,0
100,96.84,0
100,96.85,0
100,96.86,0
100,96.88,0
100,96.88,0
100,96.89,0
100,96.9,0
100,96.91,0
100,96.92,0
100,96.95,0
100,96.97,0
100,96.98,0
100,96.99,0
100,96.95,0
100,96.95,0
100,96.96,0
100,96.96,0
100,96.97,0
100,96.98,0
100,96.99,0
100,97,0
100,97.01,0
100,97.01,0
100,97.02,0
100,97.03,0
100,97.04,0
100,97.05,0
100,97.06,0
100,97.07,0
100,97.04,0
100,97.04,0
100,97.05,0
100,97.05,0
100,97.06,0
100,97.07,0
100,97.07,0
100,97.08,0
100,97.03,0
100,97.04,0
100,97.04,0
100,97.04,0
100,97.04,0
100,97.04,0
100,97.05,0
100,97.07,0
100,97.07,0
100,97.09,0
100,97.1,0
100,97.1,0
100,97.11,0
100,97.12,0
100,97.13,0
100,97.14,0
100,97.15,0
100,97.15,0
100,97.16,0
100,97.16,0
100,97.17,0
100,97.18,0
100,97.19,0
100,97.2,0
100,97.15,0
100,97.16,0
100,97.16,0
100,97.16,0
100,97.16,0
100,97.18,0
100,97.21,0
100,97.22,0
100,97.22,0
100,97.23,0
100,97.25,0
100,97.26,0
100,97.27,0
100,97.28,0
100,97.29,0
100,97.3,0
100,97.31,0
100,97.31,0
100,97.32,0
100,97.34,0
100,97.35,0
100,97.36,0
100,97.36,0
100,97.37,0
100,97.33,0
100,97.33,0
100,97.34,0
100,97.34,0
100,97.35,0
100,97.36,0
100,97.37,0
100,97.38,0
100,97.39,0
100,97.41,0
100,97.43,0
100,97.43,0
100,97.44,0
100,97.46,0
100,97.46,0
100,97.47,0
100,97.48,0
100,97.49,0
100,97.51,0
100,97.52,0
100,97.53,0
100,97.53,0
100,97.54,0
100,97.56,0
100,97.51,0
100,97.51,0
100,97.52,0
100,97.52,0
100,97.53,0
100,97.54,0
100,97.55,0
100,97.56,0
100,97.57,0
100,97.57,0
100,97.59,0
100,97.6,0
100,97.6,0
100,97.61,0
100,97.62,0
100,97.65,0
100,97.66,0
100,97.67,0
100,97.68,0
100,97.68,0
100,97.69,0
100,97.7,0
100,97.72,0
100,97.72,0
100,97.67,0
100,97.68,0
100,97.68,0
100,97.66,0
100,97.67,0
100,97.68,0
100,97.69,0
100,97.68,0
100,97.68,0
100,97.7,0
100,97.7,0
100,97.71,0
100,97.72,0
100,97.73,0
100,97.75,0
100,97.75,0
100,97.75,0
100,97.76,0
100,97.77,0
100,97.78,0
100,97.78,0
100,97.79,0
100,97.8,0
100,97.8,0
100,97.75,0
100,97.75,0
100,97.75,0
100,97.76,0
100,97.76,0
100,97.78,0
100,97.78,0
100,96.64,0
100,96.15,0
100,96.15,0
100,96.15,0
100,96.16,0
100,96.17,0
100,96.18,0
100,96.21,0
100,96.25,0
100,96.27,0
100,96.27,0
100,96.29,0
100,96.3,0
100,96.31,0
100,96.32,0
100,96.32,0
100,96.33,0
100,96.29,0
100,96.21,0
100,96.21,0
100,96.22,0
100,96.07,0
100,96.07,0
100,96.07,0
100,96.07,0
100,96.08,0
100,96.08,0
100,96.09,0
100,96.1,0
100,96.11,0
100,96.11,0
100,96.13,0
100,96.12,0
100,96.14,0
100,96.14,0
100,96.11,0
100,96.12,0
100,96.11,0
100,96.11,0
100,96.12,0
100,96.13,0
100,96.08,0
100,96.08,0
100,96.09,0
100,96.09,0
100,96.09,0
100,96.1,0
100,96.11,0
100,96.12,0
100,96.13,0
100,96.14,0
100,96.15,0
100,96.16,0
100,96.17,0
100,96.17,0
100,96.18,0
100,96.19,0
100,96.19,0
100,96.21,0
100,96.23,0
100,96.24,0
100,96.24,0
100,96.24,0
100,96.26,0
100,96.26,0
100,96.21,0
100,96.21,0
100,96.21,0
100,96.22,0
100,96.25,0
100,96.28,0
100,96.28,0
100,96.31,0
100,96.31,0
100,96.32,0
100,96.33,0
100,96.36,0
100,96.36,0
100,96.37,0
100,96.38,0
100,96.39,0
100,96.4,0
100,96.4,0
100,96.41,0
100,96.42,0
100,96.45,0
100,96.45,0
100,96.46,0
100,96.47,0
100,96.42,0
100,96.44,0
100,96.43,0
100,96.44,0
100,96.45,0
100,96.48,0
100,96.5,0
100,96.51,0
100,96.55,0
100,96.58,0
100,96.6,0
100,96.63,0
100,96.64,0
100,96.66,0
100,96.67,0
100,96.67,0
100,96.67,0
100,96.68,0
100,96.69,0
100,96.7,0
100,96.7,0
100,96.71,0
100,96.71,0
100,96.72,0
100,96.68,0
100,96.68,0
100,96.68,0
100,96.68,0
100,96.69,0
100,96.7,0
100,96.69,0
100,96.7,0
100,96.71,0
100,96.72,0
100,96.72,0
100,96.73,0
100,96.74,0
100,96.75,0
100,96.77,0
100,96.78,0
100,96.79,0
100,96.81,0
100,96.81,0
100,96.81,0
100,96.82,0
100,96.83,0
100,96.86,0
100,96.87,0
100,96.83,0
100,96.83,0
100,96.82,0
100,96.83,0
100,96.83,0
100,96.84,0
100,96.85,0
100,96.86,0
100,96.87,0
100,96.89,0
100,96.9,0
100,96.9,0
100,96.92,0
100,96.92,0
100,96.93,0
100,96.96,0
100,96.97,0
100,96.98,0
100,96.99,0
100,97.01,0
100,97.04,0
100,97.08,0
100,97.09,0
100,97.08,0
100,97.04,0
100,97.05,0
100,97.05,0
100,97.06,0
100,97.06,0
100,97.07,0
100,97.07,0
100,97.08,0
100,97.08,0
100,97.09,0
100,97.1,0
100,97.1,0
100,97.11,0
100,97.12,0
100,97.13,0
100,97.15,0
100,97.16,0
100,97.16,0
100,97.17,0
100,97.18,0
100,97.2,0
100,97.21,0
100,97.22,0
100,97.22,0
100,97.18,0
100,97.18,0
100,97.18,0
100,97.18,0
100,97.18,0
100,97.19,0
100,97.2,0
100,97.21,0
100,97.26,0
100,97.27,0
100,97.27,0
100,97.28,0
100,97.29,0
100,97.29,0
100,97.3,0
100,97.32,0
100,97.33,0
100,97.35,0
100,97.36,0
100,97.36,0
100,97.38,0
100,97.39,0
100,97.39,0
100,96.57,0
100,96.21,0
100,95.78,0
100,95.78,0
100,95.78,0
100,95.78,0
100,95.79,0
100,95.79,0
100,95.8,0
100,95.81,0
100,95.82,0
100,95.83,0
100,95.84,0
100,95.85,0
100,95.86,0
100,95.87,0
100,95.88,0
100,95.89,0
100,95.89,0
100,95.9,0
100,95.91,0
100,95.91,0
100,95.92,0
100,95.93,0
100,95.94,0
100,95.88,0
100,95.9,0
100,95.9,0
100,95.9,0
100,95.91,0
100,95.93,0
100,95.94,0
100,95.94,0
100,95.95,0
100,95.96,0
100,95.97,0
100,95.97,0
100,95.98,0
100,95.98,0
100,95.99,0
100,96,0
100,96.01,0
100,96.02,0
100,95.95,0
100,95.97,0
100,95.97,0
100,95.98,0
100,95.98,0
100,95.79,0
100,95.27,0
100,95.11,0
100,95.25,0
100,95.36,0
100,95.36,0
100,95.26,0
100,95.27,0
100,95.27,0
100,95.28,0
100,95.3,0
100,95.31,0
100,95.31,0
100,95.33,0
100,95.33,0
100,95.34,0
100,95.35,0
100,95.36,0
100,95.36,0
100,95.24,0
100,95.25,0
100,95.26,0
100,95.25,0
100,95.28,0
100,95.3,0
100,95.24,0
100,95.24,0
100,95.25,0
100,95.25,0
100,95.26,0
100,95.28,0
100,95.29,0
100,95.29,0
100,95.31,0
100,95.3,0
100,95.3,0
100,95.32,0
100,95.34,0
100,95.38,0
100,95.39,0
100,95.41,0
100,95.44,0
100,95.46,0
100,95.47,0
100,95.48,0
100,95.49,0
100,95.5,0
100,95.52,0
100,95.55,0
100,95.5,0
100,95.53,0
100,95.54,0
100,95.54,0
100,95.58,0
100,95.59,0
100,95.6,0
100,95.61,0
100,95.62,0
100,95.64,0
100,95.66,0
100,95.66,0
100,95.67,0
100,95.68,0
100,95.71,0
100,95.72,0
100,95.73,0
100,95.74,0
100,95.77,0
100,95.91,0
100,95.87,0
100,95.88,0
100,95.88,0
100,95.9,0
100,95.84,0
100,95.85,0
100,95.85,0
100,95.85,0
100,95.88,0
100,95.89,0
100,95.9,0
100,95.91,0
100,95.91,0
100,95.93,0
100,95.95,0
100,95.98,0
100,96,0
100,96.02,0
100,96.04,0
100,96.06,0
100,96.09,0
100,96.11,0
100,96.12,0
100,96.13,0
100,96.14,0
100,96.15,0
100,96.16,0
100,96.17,0
100,96.11,0
100,96.11,0
100,96.11,0
100,96.11,0
100,96.11,0
100,96.13,0
100,96.14,0
100,96.16,0
100,96.19,0
100,96.2,0
100,96.21,0
100,96.22,0
100,96.23,0
100,96.26,0
100,96.29,0
100,96.3,0
100,96.31,0
100,96.32,0
100,96.33,0
100,96.33,0
100,96.34,0
100,96.35,0
100,96.36,0
100,96.38,0
100,96.33,0
100,96.33,0
100,96.33,0
100,96.32,0
100,96.34,0
100,96.34,0
100,96.38,0
100,96.43,0
100,96.45,0
100,96.46,0
100,96.47,0
100,96.47,0
100,96.48,0
100,96.7,0
100,96.71,0
100,96.79,0
100,96.69,0
100,96.72,0
100,96.74,0
100,95.96,0
100,95.23,0
100,95.24,0
100,95.18,0
100,95.19,0
100,95.14,0
100,95.14,0
100,95.08,0
100,95.08,0
100,95.08,0
100,95.1,0
100,95.12,0
100,95.12,0
100,95.15,0
100,95.16,0
100,95.19,0
100,95.2,0
100,95.22,0
100,95.25,0
100,95.29,0
100,95.32,0
100,95.34,0
100,95.38,0
100,95.48,0
100,95.61,0
100,96.13,0
100,96.15,0
100,96.23,0
100,96.25,0
100,95.71,0
100,95.71,0
100,95.71,0
100,95.74,0
100,95.75,0
100,95.76,0
100,95.77,0
100,95.33,0
100,95.02,0
100,94.36,0
100,94.25,0
100,94.26,0
100,94.26,0
100,94.28,0
100,94.29,0
100,94.29,0
100,94.29,0
100,94.31,0
100,94.31,0
100,94.33,0
100,94.34,0
100,94.34,0
100,94.35,0
100,94.37,0
100,94.3,0
100,94.3,0
100,94.3,0
100,94.29,0
100,94.32,0
100,94.33,0
100,94.34,0
100,94.34,0
100,94.34,0
100,94.35,0
100,94.36,0
100,94.37,0
100,94.39,0
100,94.4,0
100,94.41,0
100,94.42,0
100,94.43,0
100,94.44,0
100,94.45,0
100,94.45,0
100,94.46,0
100,94.47,0
100,94.47,0
100,94.47,0
100,94.42,0
100,94.42,0
100,94.42,0
100,94.47,0
100,94.5,0
100,94.51,0
100,94.52,0
100,94.55,0
100,94.58,0
100,94.57,0
100,94.59,0
100,94.6,0
100,94.63,0
100,94.64,0
100,94.65,0
100,94.67,0
100,94.68,0
100,94.71,0
100,94.73,0
100,94.74,0
100,94.74,0
100,94.76,0
100,94.78,0
100,94.79,0
100,94.74,0
100,94.75,0
100,94.76,0
100,94.77,0
100,94.78,0
100,94.71,0
100,94.72,0
100,94.72,0
100,94.74,0
100,94.75,0
100,94.76,0
100,94.78,0
100,94.79,0
100,94.81,0
100,94.81,0
100,94.83,0
100,94.84,0
100,94.85,0
100,94.86,0
100,94.88,0
100,94.88,0
100,94.83,0
100,94.83,0
100,94.84,0
100,94.77,0
100,94.79,0
100,94.8,0
100,94.81,0
100,94.82,0
100,94.82,0
100,94.83,0
100,94.84,0
100,94.86,0
100,94.86,0
100,94.87,0
100,94.88,0
100,94.89,0
100,94.9,0
100,94.9,0
100,94.88,0
100,94.88,0
100,94.91,0
100,94.92,0
100,94.93,0
100,94.94,0
100,94.95,0
100,94.96,0
100,94.97,0
100,94.92,0
100,94.93,0
100,94.96,0
100,94.99,0
100,95.04,0
100,95.04,0
100,95.06,0
100,95.07,0
100,95.09,0
100,95.09,0
100,95.1,0
100,95.15,0
100,95.17,0
100,95.18,0
100,95.18,0
100,95.19,0
100,95.21,0
100,95.22,0
100,95.24,0
100,95.27,0
100,95.28,0
100,95.28,0
100,95.29,0
100,95.31,0
100,95.24,0
100,95.24,0
100,95.26,0
100,95.25,0
100,95.27,0
100,95.27,0
100,95.3,0
100,95.32,0
100,95.33,0
100,95.3,0
100,95.31,0
100,95.33,0
100,95.34,0
100,95.35,0
100,95.35,0
100,95.36,0
100,95.37,0
100,95.38,0
100,95.4,0
100,95.41,0
100,95.41,0
100,95.6,0
100,95.62,0
100,95.63,0
100,95.56,0
100,95.57,0
100,95.58,0
100,95.59,0
100,95.61,0
100,95.62,0
100,95.63,0
100,95.64,0
100,95.65,0
100,95.66,0
100,95.67,0
100,95.68,0
100,95.69,0
100,95.71,0
100,95.94,0
100,95.95,0
100,95.96,0
100,95.96,0
100,95.97,0
100,95.99,0
100,96,0
100,96.01,0
100,96.02,0
100,96.02,0
100,95.97,0
100,96.14,0
100,96.15,0
100,96.17,0
100,96.19,0
100,96.21,0
100,96.25,0
100,96.26,0
100,96.26,0
100,96.26,0
100,96.26,0
100,95.95,0
100,95.96,0
100,95.95,0
100,95.96,0
100,95.96,0
100,95.97,0
100,95.99,0
100,96.01,0
100,96.11,0
100,96.15,0
100,96.16,0
100,96.16,0
100,96.18,0
100,96.13,0
100,96.14,0
100,96.15,0
100,96.15,0
100,96.16,0
100,96.18,0
100,96.19,0
100,96.2,0
100,96.21,0
100,96.21,0
100,96.22,0
100,96.23,0
100,96.23,0
100,96.25,0
100,96.25,0
100,96.25,0
100,96.27,0
100,96.28,0
100,96.29,0
100,96.3,0
100,96.31,0
100,96.31,0
100,96.33,0
100,96.33,0
100,96.27,0
100,96.28,0
100,96.29,0
100,96.3,0
100,96.3,0
100,96.3,0
100,96.3,0
100,96.31,0
100,96.32,0
100,96.33,0
100,96.35,0
100,96.33,0
100,96.33,0
100,96.33,0
100,96.35,0
100,96.37,0
100,96.36,0
100,96.41,0
100,96.43,0
100,96.44,0
100,96.45,0
100,96.45,0
100,96.47,0
100,96.49,0
100,96.43,0
100,96.44,0
100,96.44,0
100,96.45,0
100,96.46,0
100,96.47,0
100,96.49,0
100,96.5,0
100,96.51,0
100,96.53,0
100,96.53,0
100,96.55,0
100,96.56,0
100,96.56,0
100,96.58,0
100,96.59,0
100,96.6,0
100,96.61,0
100,96.64,0
100,96.57,0
100,96.59,0
100,96.59,0
100,96.6,0
100,96.62,0
100,96.56,0
100,96.56,0
100,96.55,0
100,96.55,0
100,96.56,0
100,96.56,0
100,96.57,0
100,96.57,0
100,96.57,0
100,96.58,0
100,96.58,0
100,96.59,0
100,96.59,0
100,96.59,0
100,96.6,0
100,96.61,0
100,96.62,0
100,96.63,0
100,96.64,0
100,96.65,0
100,96.65,0
100,96.66,0
100,96.67,0
100,96.68,0
100,96.62,0
100,96.62,0
100,96.62,0
100,96.64,0
100,96.68,0
100,96.71,0
100,96.72,0
100,96.68,0
100,96.7,0
100,96.67,0
100,96.68,0
100,96.69,0
100,96.7,0
100,96.72,0
100,96.73,0
100,96.75,0
100,96.76,0
100,96.78,0
100,96.79,0
100,96.8,0
100,96.81,0
100,96.79,0
100,96.81,0
100,96.81,0
100,96.76,0
100,96.77,0
100,96.78,0
100,96.78,0
100,96.79,0
100,96.84,0
100,96.85,0
100,96.86,0
100,96.87,0
100,96.88,0
100,96.89,0
100,96.9,0
100,96.93,0
100,96.94,0
100,96.97,0
100,96.98,0
100,96.97,0
100,96.94,0
100,96.94,0
100,96.95,0
100,96.97,0
100,96.97,0
100,96.98,0
100,97,0
100,96.94,0
100,96.95,0
100,96.95,0
100,96.96,0
100,96.96,0
100,96.97,0
100,96.97,0
100,96.99,0
100,97,0
100,97,0
100,97.01,0
100,97.03,0
100,97.03,0
100,97.04,0
100,97.05,0
100,97.06,0
100,97.08,0
100,97.08,0
100,97.09,0
100,97.11,0
100,97.11,0
100,97.13,0
100,97.14,0
100,97.15,0
100,97.1,0
100,97.11,0
100,97.1,0
100,97.11,0
100,97.13,0
100,97.14,0
100,97.15,0
100,97.18,0
100,97.19,0
100,97.21,0
100,97.23,0
100,97.23,0
100,97.25,0
100,97.26,0
49.86,97.27,0
25.02,97.33,0
1.21,97.34,0
25.14,97.37,0
0,97.42,1
0.29,97.47,1
0,97.51,1
0.16,97.54,0
0,97.57,0
0.68,97.63,1
1.58,97.6,0
0,97.68,1
25.01,97.96,0
49.69,98.02,0
25.75,98.41,0
49.55,98.47,0
75.2,98.58,0
49.74,97.85,0
49.9,96.74,0
50.38,96.76,0
0,96.8,0
1.34,96.83,0
0,96.93,1
23.98,97.01,1
25.11,97.08,0
0,97.15,1
1.5,97.19,0
0.25,97.21,0
0,97.25,0
0,97.27,0
0.39,97.32,1
0.24,97.38,1
0,97.43,1
0,96.66,1
1.27,96.36,0
0,96.14,0
0,96.14,0
1.56,96.14,0
0,96.14,0
0.65,95.98,0
0,95.91,0
0,95.95,1
1.35,95.99,0
0,95.99,0
0,95.99,0
0.02,96,0
0,96,0
0.05,96.01,0
0.42,96.01,0
1.57,96.01,0
0,96.02,0
0.71,96.02,0
0.12,96.06,0
0,96.09,0
24.88,96.15,1
0,96.17,0
0,96.22,0
0,96.29,1
25.89,96.26,0
0,96.31,1
0,96.38,1
0.14,96.44,1
24.88,96.48,1
0.5,96.55,1
0,96.57,0
0,96.62,0
0,96.69,1
0.14,96.75,1
0.14,96.79,0
0.07,96.85,1
1.57,96.78,0
0,96.81,1
0.1,96.82,0
0,96.85,0
0.14,96.9,0
0.12,96.92,1
0,96.98,1
2.38,97,0
0,97.05,1
0.02,97.09,0
0,96.81,0
0,96.54,0
24.73,95.61,0
0.71,95.53,0
0.94,95.54,0
0,95.57,0
0.39,95.63,0
1.5,95.68,0
0,95.71,1
0.29,95.76,0
0,95.78,0
0,95.84,0
0,95.85,0
1.15,95.91,1
0,95.98,1
0.28,96,0
1.36,96.05,1
0,96.07,0
0,96.08,0
0.03,96.11,0
0.23,96.16,0
0.26,96.19,0
0,96.25,1
0,96.3,1
0.25,96.33,0
0.12,96.35,0
0.3,96.32,1
1.33,96.34,0
0,96.37,0
1.06,96.44,1
0,96.5,0
0,96.54,0
0,96.59,0
1.68,96.58,1
0,96.65,1
0.05,96.72,1
0.1,96.74,0
25.04,96.79,0
0,96.82,1
0,96.89,0
0.08,96.91,0
50.38,96.92,0
0,96.96,0
0,97.02,1
0.79,97.07,0
0,97.17,1
0.04,97.21,0
0.03,96.78,0
0,95.98,0
0.34,95.82,0
0,95.69,0
0,95.7,0
0,95.7,0
1.12,95.71,0
0,95.74,0
0,95.83,1
1.51,95.87,1
0,95.89,0
0.53,95.95,1
0,95.99,0
1.38,96.02,0
0,96.07,0
0,96.11,0
0.02,96.16,0
0.93,96.2,0
0,96.25,0
0,96.29,0
0.37,96.36,1
0,96.41,0
1.99,96.42,0
0,96.45,0
1.09,96.51,0
0,96.56,0
0.33,96.61,1
0,96.57,0
25.03,96.65,0
0.12,96.65,0
0.28,96.67,0
0.34,96.71,0
0,96.76,0
0,96.79,0
0,96.81,0
0,96.84,0
0.21,96.86,0
0.42,96.9,0
0.01,96.94,0
0.1,97.01,0
0,97.08,1
0.77,97.13,0
0.24,97.21,1
0,97.27,1
24.36,97.3,0
0.83,97.3,0
0,97.36,0
24.87,97.38,0
1.21,96.4,1
0,96.07,0
1.27,95.98,0
0,95.89,1
0.35,95.92,0
0.08,95.98,0
0,96.01,0
25.51,96.09,0
0.19,96.12,0
0,96.16,0
24.49,96.22,1
0,96.27,1
0.89,96.3,0
0,96.35,0
0.01,96.4,0
0,96.43,0
0,96.47,0
1.35,96.51,0
0,96.62,1
0.16,96.65,0
0,96.7,1
0,96.76,1
0.29,96.85,1
0,96.92,1
1.07,96.96,0
0,97.03,1
25.41,97.13,0
0,97.1,0
0.2,97.1,0
0.07,97.12,0
0.06,97.16,0
0,97.19,0
1.42,96.76,0
0,96.13,0
0.15,95.67,0
0.25,95.7,0
0.27,95.79,1
0,95.86,1
0.29,95.89,0
1.51,95.92,0
0,95.98,0
0,96.17,1
0,96.23,1
1.06,96.25,0
0,96.33,1
0,96.4,0
1.56,96.17,0
0.23,95.68,0
0,95.6,0
24.87,95.01,0
0.53,94.95,0
0,94.91,0
0,94.99,1
0.2,95.03,0
0,95.06,0
0.78,95.09,0
0,95.11,0
0,95.16,0
0,95.19,0
1,95.23,0
0,95.28,0
0,95.35,1
0,95.39,1
0.18,95.53,1
0,95.76,1
0,95.79,0
0.08,95.92,1
0,95.97,1
1.99,96.04,1
0,96.27,1
0,96.34,1
0.97,96.39,1
0.07,96.44,0
0,96.49,0
0,96.46,0
0,96.48,0
0,96.57,1
1.07,96.61,1
0.03,96.21,0
0,95.58,0
0.24,95.34,0
0.19,95.21,0
0,95.22,0
0.58,95.28,0
0,95.46,0
1.43,95.48,0
0,95.5,0
0.29,95.56,0
0,95.62,0
1.57,95.67,0
0.19,95.72,0
0,95.77,1
0.17,95.78,0
25.57,95.81,0
0.9,95.84,0
0,95.9,1
0.67,95.93,0
0.24,95.98,0
0,95.95,0
25.51,96.01,0
0,96.09,1
50.3,96.53,0
0.69,96.56,0
24.12,96.59,0
0,96.63,0
0,96.67,1
0.11,96.69,0
0.13,96.75,1
1.61,96.78,0
24.22,96.34,0
0,95.92,0
0.01,95.38,0
0,95.27,0
0,95.3,0
0.75,95.37,1
0,95.54,1
0.23,96.75,1
0.23,97.1,1
0,97.14,0
0,97.75,1
0,98.25,1
0.3,98.64,1
0,98.69,1
0,98.84,1
0,98.93,1
0,98.56,1
1.05,98.09,0
0,98.1,0
25.01,97.04,0
0.05,96.58,0
0.37,96.25,0
0,96.09,0
0.71,96.01,0
0,96.07,0
0,96.33,1
25.6,96.49,0
0,96.58,1
0.23,97.08,1
0,97.28,0
0.02,97.41,0
0,97.45,0
20.76,97.16,0
0.22,96.8,0
24.92,96.55,0
0,96.23,0
0,95.91,0
0,96.05,1
0.02,96.7,1
0.85,97.08,1
0,97.43,1
0,98.19,1
1.34,98.45,1
0,98.93,1
0.25,99.52,1
25.52,99.6,0
19.82,99.2,0
16.69,98.27,0
0,98.28,0
0.24,98.29,0
0.52,98.29,0
0.85,98.3,0
0,98.01,0
0,97.38,0
0,97.41,0
0,97.45,0
1.37,97.51,1
0,97.58,1
0,97.65,1
1.47,97.62,0
0.41,97.7,1
24.04,97.74,0
0,97.79,0
20.24,97.48,1
0,97.49,0
0.03,96.92,0
0.2,96.4,1
0,96.48,1
25.13,96.53,0
0,96.57,0
0,96.62,0
0.01,96.77,1
1.24,96.76,0
0,96.8,0
0.01,96.85,0
0,96.88,0
0.14,96.93,0
0,96.98,0
0.14,97.04,0
0,95.83,1
0.15,95.66,0
0.03,95.73,1
0,95.78,1
0.76,95.75,0
0,95.75,0
0.31,95.79,0
0.32,95.84,1
25.98,95.89,0
0,95.93,0
0.06,96,1
24.89,96.06,1
0.2,96.14,1
0,96.23,1
26.41,96.27,0
0,96.33,0
0.53,96.37,0
0,96.4,0
0.83,96.46,0
24.9,96.6,1
0,96.68,1
25.58,96.79,0
0,96.88,1
0.36,97,1
0,97.08,1
0,97.24,1
0.52,97.36,1
0,97.43,1
0,97.42,1
0,97.46,1
0.89,97.55,1
0,97.59,0
0,96.49,0
1.66,96.48,0
0,96.26,0
0.55,96.19,0
0,96.22,0
0.61,96.25,0
0.37,96.31,0
0,96.37,1
0,96.45,1
0.17,96.55,1
25.09,96.61,0
0.82,96.64,0
0.7,96.73,1
0.12,96.74,0
0,96.71,1
1.37,96.51,1
0,96.54,1
0.1,96.59,1
0,96.67,1
0.02,96.63,1
0.34,96.69,0
0.88,96.73,0
0,96.77,0
0,96.86,1
0.49,96.91,0
0.08,96.96,0
0.49,97.17,0
0,96.96,0
0.04,96.97,0
1.11,96.99,0
0.09,97.06,1
0,95.69,1
1.56,95.68,0
0,95.69,0
0.15,95.75,1
0,95.78,0
0,95.83,0
50.43,95.9,0
0,95.95,1
0.09,95.93,0
0.18,95.94,0
1.44,96,0
0,96.1,0
0.12,96.16,1
0,96.25,1
0.63,96.33,1
0.14,96.33,0
0,96.36,0
25.48,96.51,0
0,96.61,1
0,96.63,0
0.1,96.68,0
0,96.77,1
0,96.85,1
1.5,96.9,0
0,96.97,1
25.05,97.04,0
50.73,97.15,0
0,97.17,0
0,97.19,0
0,97.26,1
26.08,97.33,0
0,97.4,0
0.21,96.5,0
0.09,96.18,0
0.39,96.2,0
0,96.17,0
0,96.21,1
25.22,96.27,0
24.3,96.33,0
0,96.38,1
0.25,96.41,0
1.87,96.46,0
0,96.5,0
0,96.58,1
0.36,96.64,1
1.73,96.69,1
0.22,96.76,1
0,96.82,1
24.34,96.55,0
0.25,96.55,0
1.63,96.17,0
0,95.91,0
0,95.33,0
0.09,95.35,0
0.26,95.35,0
0,95.42,1
0.75,95.46,0
0,95.51,0
0,95.57,1
0.02,95.54,1
0.48,95.62,1
0,95.68,1
1.06,95.73,0
0.2,95.8,1
25.23,95.87,0
0,95.93,1
0,95.99,1
0.41,96.04,1
0.32,96.09,0
0,96.19,1
0,96.25,1
1.16,96.28,0
0,96.31,0
0,96.37,1
0.13,96.43,1
0.24,96.46,0
0,96.51,0
25.08,96.58,0
0,96.66,1
0.35,96.89,0
25.46,96.39,0
0,95.78,0
0,95.67,0
0,95.52,0
1.16,95.56,0
0.26,95.57,0
0,95.66,1
0,95.71,1
0,95.75,0
0,95.8,0
0.02,95.83,0
0,95.86,0
1.02,95.88,0
0,95.95,1
0.36,95.99,0
24.99,96.03,0
0,96.05,0
79.97,96.35,0
0.98,96.37,0
24.95,96.38,0
0,96.42,0
1.37,96.45,0
0,96.53,1
0,96.48,0
24.97,96.19,1
0,96.24,0
0.4,96.26,0
1.45,96.22,0
0,96.24,0
0,96.26,1
0,96.33,1
0.09,96.36,0
0,96.4,0
0.41,96.43,1
0.06,96.47,0
0,96.48,1
0,96.55,1
0,96.64,1
0.3,96.67,0
0,96.75,1
0.19,96.78,0
1.51,96.72,1
0,96.72,0
24.41,96.79,0
0,96.85,1
0.11,96.87,0
0.63,96.92,0
0,96.95,0
0,96.99,0
0.35,97.03,0
0.27,97.33,1
0,97.31,0
0.27,97.3,0
25.17,97.56,0
0,97.74,1
0.58,97.76,0
0.16,98.15,1
0.19,98.16,0
25.06,98.18,0
0,98.23,0
0,98.75,1
0.1,99.46,1
49.95,99.06,0
20.01,97.2,1
0.29,96.2,0
25.06,95.82,0
25.1,95.25,0
0.34,95.25,0
0,95.25,0
0,95.02,0
0,95.45,1
0.05,96.03,1
0.31,96.35,1
0,96.81,1
0.03,97.53,1
0.75,98.01,1
0,98.56,1
0,99.04,1
0.69,99.61,1
24.91,94.44,1
0,95.19,1
0,95.95,1
0,96.62,1
0,97.3,1
0.98,97.39,0
0,97.5,1
25.57,97.54,0
100,98.68,0
100,98.21,0
74.98,97.79,0
100,98.05,0
50.36,98.9,0
100,98.86,0
100,96.97,0
100,98.96,0
100,99.43,0
0.37,99.34,0
0,99.35,0
0.16,99.32,0
75.15,97.78,0
1.85,96.61,0
0.46,96.62,0
0.27,96.28,0
21.47,98.94,0
8.34,98.8,0
0.85,98.82,0
0,98.85,0
0.02,98.92,1
0,98.93,0
0.81,98.94,0
0,98.93,0
0.64,98.93,1
0,98.94,0
22.78,99.32,0
0,99.33,0
0.15,99.4,0
0,99.43,1
0,97.73,0
0.41,97.53,0
0.12,97.54,0
0,97.35,0
12.51,96.48,0
0,96.35,0
0.11,94.59,0
0,94.35,0
0.36,94.37,0
0.57,94.39,0
0.89,94.42,1
23.31,94.63,1
0.69,94.66,0
0.04,94.68,0
0,94.7,1
0.23,94.76,0
24.51,94.78,0
0,94.8,0
0.42,94.81,0
0,94.84,0
1.1,94.87,0
24.14,96.96,0
0,97.44,0
25.89,97.54,0
0,98.16,0
16.72,98.52,0
0.66,98.53,0
0,98.56,0
0.58,98.59,0
20.35,98.18,0
0,98.22,0
0,97.36,0
40.35,98.62,0
100,98.62,0
100,98.62,0
100,98.62,0
100,98.66,0
100,98.67,0
100,98.7,0
100,98.72,0
100,98.72,0
100,98.78,0
100,97.55,0
100,97.55,0
100,97.56,0
100,97.57,0
100,97.58,0
100,97.59,0
100,97.6,0
100,97.61,0
100,97.62,0
100,97.63,0
100,97.63,0
100,97.57,0
100,97.56,0
100,97.56,0
100,97.57,0
100,97.58,0
100,97.58,0
100,96.99,0
100,96.51,0
100,96.51,0
100,96.52,0
100,96.52,0
100,96.53,0
100,96.53,0
100,96.54,0
100,96.54,0
100,96.55,0
100,96.56,0
100,96.57,0
100,96.57,0
100,96.58,0
100,96.59,0
100,96.6,0
100,96.59,0
100,96.59,0
100,96.53,0
100,96.53,0
100,96.53,0
100,96.53,0
100,96.54,0
100,96.54,0
100,96.55,0
100,96.57,0
100,96.57,0
100,96.58,0
100,96.59,0
100,96.6,0
100,96.61,0
100,96.63,0
100,96.66,0
100,96.67,0
100,96.68,0
100,96.69,0
100,96.69,0
100,95.81,0
100,95.54,0
100,95.54,0
100,95.55,0
100,95.56,0
100,95.5,0
100,95.52,0
100,95.53,0
100,95.55,0
100,95.57,0
100,95.58,0
100,95.59,0
100,95.6,0
100,95.61,0
100,95.62,0
100,95.62,0
100,95.62,0
100,95.63,0
100,95.64,0
100,95.66,0
100,95.69,0
100,95.7,0
100,95.7,0
100,95.73,0
100,95.73,0
100,95.74,0
100,95.75,0
100,95.77,0
100,95.78,0
100,95.72,0
100,95.74,0
100,95.74,0
100,95.75,0
100,95.78,0
100,95.7,0
100,95.7,0
100,95.7,0
100,95.71,0
100,95.77,0
100,95.75,0
100,95.77,0
100,95.78,0
100,95.79,0
100,95.81,0
100,95.83,0
100,95.84,0
100,95.85,0
100,95.86,0
100,95.88,0
100,95.88,0
100,95.9,0
100,95.9,0
100,95.91,0
100,95.85,0
100,95.7,0
100,95.69,0
100,95.7,0
100,95.7,0
100,95.7,0
100,95.68,0
100,95.7,0
100,95.71,0
100,95.71,0
100,95.72,0
100,95.72,0
100,95.59,0
100,95.59,0
100,95.63,0
100,95.65,0
100,95.08,0
100,95.08,0
100,95.08,0
100,95.09,0
100,95.1,0
100,95.11,0
100,95.12,0
100,95.13,0
100,95.06,0
100,95.06,0
100,95.07,0
100,95.07,0
100,95.09,0
100,95.11,0
100,95.12,0
100,95.12,0
100,95.14,0
100,95.15,0
100,95.17,0
100,95.17,0
100,95.19,0
100,95.21,0
100,95.24,0
100,95.26,0
100,95.26,0
100,95.26,0
100,95.25,0
100,95.28,0
100,95.28,0
100,95.28,0
100,95.3,0
100,95.31,0
100,95.26,0
100,95.26,0
100,95.26,0
100,95.27,0
100,95.3,0
100,95.33,0
100,95.36,0
100,95.34,0
100,95.35,0
100,95.36,0
100,95.38,0
100,95.4,0
100,95.43,0
100,95.44,0
100,95.48,0
100,95.49,0
100,95.49,0
100,95.51,0
100,95.52,0
100,95.53,0
100,95.55,0
100,95.55,0
100,95.56,0
100,95.57,0
100,95.52,0
100,95.5,0
100,95.52,0
100,95.52,0
100,95.54,0
100,95.59,0
100,95.62,0
100,95.6,0
100,95.59,0
100,95.6,0
100,95.61,0
100,95.59,0
100,95.67,0
100,95.68,0
100,95.69,0
100,95.71,0
100,95.71,0
100,95.72,0
100,95.73,0
100,95.75,0
100,95.76,0
100,95.7,0
100,95.71,0
100,95.73,0
100,95.67,0
100,95.67,0
100,95.68,0
100,95.68,0
100,95.68,0
100,95.71,0
100,95.97,0
100,95.99,0
100,95.89,0
100,95.68,0
100,95.68,0
100,95.55,0
100,95.58,0
100,95.5,0
100,95.5,0
100,95.52,0
100,95.53,0
100,95.49,0
100,95.52,0
100,95.53,0
100,95.54,0
100,95.57,0
100,95.58,0
100,95.58,0
100,95.52,0
100,95.53,0
100,95.53,0
100,95.54,0
100,95.55,0
100,95.56,0
100,95.23,0
100,95.22,0
100,95.22,0
100,95.23,0
100,95.22,0
100,95.47,0
100,95.52,0
100,95.53,0
100,95.56,0
100,95.6,0
100,95.62,0
100,95.6,0
100,95.61,0
100,95.61,0
100,95.61,0
100,95.66,0
100,95.67,0
100,95.67,0
100,95.62,0
100,95.62,0
100,95.63,0
100,95.65,0
100,95.66,0
100,95.69,0
100,95.64,0
100,95.64,0
100,95.66,0
100,95.67,0
100,95.67,0
100,95.69,0
100,95.7,0
100,95.72,0
100,95.72,0
100,95.73,0
100,95.75,0
100,95.76,0
100,95.78,0
100,95.89,0
100,95.9,0
100,95.93,0
100,95.94,0
100,95.96,0
100,95.9,0
100,95.9,0
100,95.9,0
100,95.9,0
100,95.91,0
100,95.92,0
100,95.92,0
100,95.92,0
100,95.95,0
100,95.96,0
100,95.98,0
100,96,0
100,96.01,0
100,96.02,0
100,96.04,0
100,96.05,0
100,96.07,0
100,96.07,0
100,96.1,0
100,96.11,0
100,96.12,0
100,96.13,0
100,96.13,0
100,96.15,0
100,96.09,0
100,96.08,0
100,96.09,0
100,96.09,0
100,96.1,0
100,96.11,0
100,96.11,0
100,96.11,0
100,96.12,0
100,96.13,0
100,96.15,0
100,96.17,0
100,96.18,0
100,96.18,0
100,96.21,0
100,96.22,0
100,96.23,0
100,96.24,0
100,96.25,0
100,96.26,0
100,96.27,0
100,96.27,0
100,96.28,0
100,96.29,0
100,96.24,0
100,96.23,0
100,96.24,0
100,96.26,0
100,96.26,0
100,96.27,0
100,96.28,0
100,96.29,0
100,96.31,0
100,96.32,0
100,96.33,0
100,96.35,0
100,96.37,0
100,96.39,0
100,96.4,0
100,96.41,0
100,96.43,0
100,96.39,0
100,96.4,0
100,96.41,0
100,96.43,0
100,96.48,0
100,96.51,0
100,96.52,0
100,96.47,0
100,96.47,0
100,96.48,0
100,96.48,0
100,96.49,0
100,96.5,0
100,96.51,0
100,96.52,0
100,96.53,0
100,96.54,0
100,96.54,0
100,96.54,0
100,96.56,0
100,96.58,0
100,96.59,0
100,96.6,0
100,96.61,0
100,96.62,0
100,96.61,0
100,96.62,0
100,96.63,0
100,96.64,0
100,96.66,0
100,96.67,0
100,96.61,0
100,96.61,0
100,96.55,0
100,96.55,0
100,96.56,0
100,96.58,0
100,95.47,0
100,95.27,0
100,95.27,0
100,95.27,0
100,95.28,0
100,95.28,0
100,95.28,0
100,95.2,0
100,95.19,0
100,95.19,0
100,95.19,0
100,95.19,0
100,95.19,0
100,95.21,0
100,95.22,0
100,95.23,0
100,95.25,0
100,95.26,0
100,95.18,0
100,95.21,0
100,95.23,0
100,95.27,0
100,95.33,0
100,95.34,0
100,95.35,0
100,95.36,0
100,95.31,0
100,95.33,0
100,95.35,0
100,95.36,0
100,95.37,0
100,95.39,0
100,95.4,0
100,95.42,0
100,95.45,0
100,95.46,0
100,95.48,0
100,95.51,0
100,95.51,0
100,95.53,0
100,95.53,0
100,95.54,0
100,95.49,0
100,95.49,0
100,95.51,0
100,95.52,0
100,95.54,0
100,95.55,0
100,95.57,0
100,95.58,0
100,95.59,0
100,95.6,0
100,95.61,0
100,95.62,0
100,95.35,0
100,95.36,0
100,95.39,0
100,95.41,0
100,95.41,0
100,95.43,0
100,95.44,0
100,95.46,0
100,95.47,0
100,95.66,0
100,95.65,0
100,95.68,0
100,95.77,0
100,95.78,0
100,95.79,0
100,95.8,0
100,95.81,0
100,95.82,0
100,95.84,0
100,95.85,0
100,95.75,0
100,95.75,0
100,95.77,0
100,95.8,0
100,95.82,0
100,95.83,0
100,95.85,0
100,95.85,0
100,95.86,0
100,95.86,0
100,95.79,0
100,95.81,0
100,95.82,0
100,95.85,0
100,95.85,0
100,95.86,0
100,95.81,0
100,95.82,0
100,95.83,0
100,95.84,0
100,95.85,0
100,95.86,0
100,95.86,0
100,95.87,0
100,95.13,0
100,95.13,0
100,95.21,0
100,95.22,0
100,95.24,0
100,95.25,0
100,95.26,0
100,95.27,0
100,95.51,0
100,95.67,0
100,95.69,0
100,95.59,0
100,95.59,0
100,95.6,0
100,95.62,0
100,95.66,0
100,95.61,0
100,95.64,0
100,95.69,0
100,95.7,0
100,95.72,0
100,95.73,0
100,95.74,0
100,95.74,0
100,95.76,0
100,95.8,0
100,95.81,0
100,95.83,0
100,95.88,0
100,95.91,0
100,95.93,0
100,95.93,0
100,95.97,0
100,96,0
100,96,0
100,96.02,0
100,96.03,0
100,96.06,0
100,96.07,0
100,96.09,0
100,96.03,0
100,96.05,0
100,96.06,0
100,96.07,0
100,96.08,0
100,96.08,0
100,96.09,0
100,96.1,0
100,96.11,0
100,96.12,0
100,96.11,0
100,96.13,0
100,96.13,0
100,96.15,0
100,96.17,0
100,96.2,0
100,96.24,0
100,96.3,0
100,96.32,0
100,96.34,0
100,96.4,0
100,96.46,0
100,96.49,0
100,96.51,0
100,96.46,0
100,96.47,0
100,96.47,0
100,96.49,0
100,96.5,0
100,96.52,0
100,96.56,0
100,96.6,0
100,96.6,0
100,96.62,0
100,96.63,0
100,96.65,0
100,96.67,0
100,96.68,0
100,96.69,0
100,96.7,0
100,96.72,0
100,96.75,0
100,96.31,0
100,95.7,0
100,95.71,0
100,95.71,0
100,95.71,0
100,95.72,0
100,95.68,0
100,95.68,0
100,95.61,0
100,95.62,0
100,95.63,0
100,95.65,0
100,95.67,0
100,95.71,0
100,95.73,0
100,95.76,0
100,95.77,0
100,95.79,0
100,95.82,0
100,95.85,0
100,95.83,0
100,95.85,0
100,95.89,0
100,95.9,0
100,95.91,0
100,95.92,0
100,95.93,0
100,95.95,0
100,95.96,0
100,95.96,0
100,95.91,0
100,95.91,0
100,95.9,0
100,95.91,0
100,95.92,0
100,95.93,0
100,95.94,0
100,95.95,0
100,95.97,0
100,95.99,0
100,96,0
100,96.02,0
100,96.03,0
100,96.04,0
100,96.06,0
100,96.07,0
100,96.08,0
100,96.1,0
100,96.13,0
100,96.17,0
100,96.22,0
100,96.25,0
100,96.26,0
100,96.32,0
100,96.28,0
100,96.31,0
100,96.35,0
100,96.41,0
100,96.43,0
100,96.44,0
100,96.45,0
100,96.47,0
100,96.51,0
100,96.54,0
100,96.56,0
100,96.56,0
100,96.61,0
100,96.62,0
100,96.63,0
100,96.68,0
100,96.72,0
100,96.73,0
100,96.74,0
100,96.78,0
100,96.79,0
100,96.81,0
100,96.82,0
100,96.85,0
100,96.8,0
100,96.79,0
100,96.79,0
100,96.8,0
100,96.81,0
100,96.81,0
100,96.83,0
100,96.83,0
100,96.85,0
100,96.88,0
100,96.9,0
100,96.93,0
100,96.95,0
100,96.97,0
100,96.98,0
100,96.98,0
100,96.99,0
100,97,0
100,97.01,0
100,97.03,0
100,97.04,0
100,97.05,0
100,97.07,0
100,97.08,0
100,97.01,0
100,97.01,0
100,97.01,0
100,97.02,0
100,97,0
100,97.02,0
100,97.02,0
100,97.04,0
100,97.05,0
100,97.06,0
100,97.07,0
100,97.09,0
100,97.1,0
100,97.1,0
100,97.11,0
100,97.12,0
100,97.14,0
100,97.17,0
100,97.19,0
100,97.24,0
100,97.24,0
100,97.27,0
100,97.28,0
100,97.29,0
100,97.24,0
100,97.35,0
100,97.36,0
100,97.67,0
100,98.15,0
100,98.16,0
100,98.14,0
100,98.15,0
100,98.22,0
100,98.25,0
100,98.27,0
100,98.29,0
100,98.31,0
100,98.38,0
100,98.51,0
100,96.91,0
100,96.92,0
100,96.92,0
100,96.93,0
100,96.93,0
100,96.93,0
100,96.92,0
100,96.92,0
100,96.93,0
100,96.87,0
100,96.88,0
100,96.87,0
100,96.88,0
100,96.89,0
100,97.05,0
100,97.2,0
100,97.22,0
100,97.23,0
100,97.24,0
100,97.25,0
100,97.26,0
100,97.3,0
100,97.31,0
100,97.34,0
100,97.35,0
100,97.37,0
100,97.39,0
100,97.41,0
100,97.45,0
100,97.46,0
100,97.47,0
100,97.49,0
100,97.5,0
100,97.44,0
100,97.33,0
100,97.34,0
100,97.35,0
100,97.36,0
100,97.38,0
100,97.4,0
100,97.48,0
100,97.52,0
100,97.53,0
100,97.55,0
100,97.57,0
100,97.58,0
100,97.6,0
100,97.62,0
100,97.63,0
100,97.63,0
100,97.63,0
100,97.64,0
100,97.64,0
100,97.64,0
100,97.65,0
100,97.67,0
100,97.68,0
100,97.62,0
100,97.62,0
100,97.62,0
100,97.63,0
100,97.63,0
100,97.63,0
100,97.63,0
100,97.64,0
100,97.65,0
100,97.66,0
100,97.68,0
100,97.71,0
100,97.72,0
100,97.73,0
100,97.78,0
100,97.79,0
100,97.8,0
100,97.81,0
100,97.83,0
100,97.86,0
100,97.8,0
100,97.8,0
100,97.8,0
100,97.81,0
100,97.75,0
100,97.75,0
100,97.76,0
100,97.76,0
100,97.76,0
100,97.77,0
100,97.78,0
100,97.8,0
100,97.8,0
100,97.82,0
100,97.83,0
100,97.83,0
100,97.85,0
100,97.86,0
100,97.88,0
100,97.9,0
100,97.9,0
100,97.91,0
100,97.87,0
100,97.87,0
100,97.89,0
100,97.89,0
100,97.91,0
100,97.92,0
100,97.88,0
100,97.88,0
100,97.88,0
100,97.88,0
100,97.89,0
100,97.9,0
100,97.91,0
100,97.92,0
100,97.93,0
100,97.94,0
100,97.98,0
100,97.99,0
100,98,0
100,98.01,0
100,98.02,0
100,98.03,0
100,98.04,0
100,98.07,0
100,98.07,0
100,98.09,0
100,98.1,0
100,98.11,0
100,98.12,0
100,98.14,0
100,98.08,0
100,98.08,0
100,98.09,0
100,98.11,0
100,98.12,0
100,98.13,0
100,98.14,0
100,98.15,0
100,98.16,0
100,98.17,0
100,98.18,0
100,98.19,0
100,98.18,0
100,98.2,0
100,98.21,0
100,98.22,0
100,98.23,0
100,98.24,0
100,98.25,0
100,98.26,0
100,98.27,0
100,98.28,0
100,98.29,0
100,98.14,0
100,98.06,0
100,98.08,0
100,98.09,0
100,98.11,0
100,98.15,0
100,98.16,0
100,98.17,0
100,98.18,0
100,98.21,0
100,98.23,0
100,98.23,0
100,98.24,0
100,98.25,0
100,98.26,0
100,98.28,0
100,98.29,0
100,98.3,0
100,98.31,0
100,98.33,0
100,98.35,0
100,98.37,0
100,98.38,0
100,98.4,0
100,98.45,0
100,98.39,0
100,98.39,0
100,98.39,0
100,98.4,0
100,98.4,0
100,98.44,0
100,98.44,0
100,98.41,0
100,98.41,0
100,98.41,0
100,98.41,0
100,98.42,0
100,98.42,0
100,98.42,0
100,98.42,0
100,98.43,0
100,98.43,0
100,98.43,0
100,98.44,0
100,98.44,0
100,98.44,0
100,98.45,0
100,98.45,0
100,98.45,0
100,98.41,0
100,98.41,0
100,98.41,0
100,98.42,0
100,98.42,0
100,98.42,0
100,98.42,0
100,98.42,0
100,98.42,0
100,98.43,0
100,98.43,0
100,98.43,0
100,98.43,0
100,98.45,0
100,98.46,0
100,98.46,0
100,98.46,0
100,98.46,0
100,98.46,0
100,98.47,0
100,98.48,0
100,98.48,0
100,98.48,0
100,98.49,0
100,98.44,0
100,98.44,0
100,98.44,0
100,98.44,0
100,98.45,0
100,98.45,0
100,98.45,0
100,98.45,0
100,98.45,0
100,98.46,0
100,98.46,0
100,98.46,0
100,98.47,0
100,98.47,0
100,98.47,0
100,98.47,0
100,98.47,0
100,98.48,0
100,98.48,0
100,98.48,0
100,98.49,0
100,98.49,0
100,98.49,0
100,98.49,0
100,98.44,0
100,98.44,0
100,98.44,0
100,98.44,0
100,98.44,0
100,98.44,0
100,98.46,0
100,98.46,0
100,98.47,0
100,98.47,0
100,98.47,0
100,98.47,0
100,98.47,0
100,98.47,0
100,98.47,0
100,98.48,0
100,98.48,0
100,98.48,0
100,98.49,0
100,98.49,0
100,98.5,0
100,98.5,0
100,98.5,0
100,98.51,0
100,98.45,0
100,98.45,0
100,98.45,0
100,98.45,0
100,98.45,0
100,98.45,0
100,98.46,0
100,98.46,0
100,98.47,0
100,98.48,0
100,98.49,0
100,98.49,0
100,98.49,0
100,98.49,0
100,98.5,0
100,98.5,0
100,98.5,0
100,98.51,0
100,98.51,0
100,98.51,0
100,98.52,0
100,98.52,0
100,98.52,0
100,98.53,0
100,98.48,0
100,98.48,0
100,98.49,0
100,98.49,0
100,98.49,0
100,98.49,0
100,98.49,0
100,98.5,0
100,98.5,0
100,98.5,0
100,98.5,0
100,98.5,0
100,98.5,0
100,98.5,0
100,98.51,0
100,98.52,0
100,98.53,0
100,98.54,0
100,98.56,0
100,98.57,0
100,98.6,0
100,98.63,0
100,98.64,0
100,98.66,0
100,98.6,0
100,98.61,0
100,98.62,0
100,98.63,0
100,98.63,0
100,98.64,0
100,98.64,0
100,98.64,0
100,98.65,0
100,98.66,0
100,98.66,0
100,98.65,0
100,98.66,0
100,98.66,0
100,98.66,0
100,98.67,0
100,98.67,0
100,98.68,0
100,98.68,0
100,98.68,0
100,98.71,0
100,98.72,0
100,98.72,0
100,98.72,0
100,98.67,0
100,98.67,0
100,98.67,0
100,98.67,0
100,98.68,0
100,98.68,0
100,98.7,0
100,98.71,0
100,98.73,0
100,98.73,0
100,98.72,0
100,98.73,0
100,98.74,0
100,98.74,0
100,98.75,0
100,98.76,0
100,93.93,0
100,93.69,0
100,93.69,0
100,93.71,0
100,93.71,0
100,93.72,0
100,93.74,0
100,93.75,0
100,93.69,0
100,93.7,0
100,93.71,0
100,93.71,0
100,93.74,0
100,93.73,0
100,93.73,0
100,93.73,0
100,93.74,0
100,93.75,0
100,93.76,0
100,93.77,0
100,93.79,0
100,93.89,0
100,93.89,0
100,93.92,0
100,93.94,0
100,93.95,0
100,94.17,0
100,94.2,0
100,93.89,0
100,93.89,0
100,93.89,0
100,93.89,0
100,93.81,0
100,93.82,0
100,93.85,0
100,93.87,0
100,93.88,0
100,93.89,0
100,93.91,0
100,93.92,0
100,93.93,0
100,93.93,0
100,93.94,0
100,93.94,0
100,93.95,0
100,93.95,0
100,93.95,0
100,93.95,0
100,93.95,0
100,93.96,0
100,93.98,0
100,93.98,0
100,94,0
100,94,0
100,94.01,0
100,94.03,0
100,93.97,0
100,93.97,0
100,93.99,0
100,94,0
100,94.03,0
100,94.04,0
100,94.05,0
100,94.05,0
100,94.06,0
100,94.06,0
100,94.07,0
100,94.07,0
100,94.07,0
100,94.07,0
100,94.08,0
100,94.07,0
100,94.08,0
100,94.08,0
100,94.08,0
100,94.09,0
100,94.13,0
100,94.13,0
100,94.13,0
100,94.14,0
100,94.09,0
100,94.09,0
100,94.1,0
100,94.1,0
100,94.1,0
100,94.11,0
100,94.11,0
100,94.12,0
100,94.12,0
100,94.13,0
100,94.13,0
100,94.13,0
100,94.13,0
100,94.13,0
100,94.14,0
100,94.14,0
100,94.14,0
100,94.12,0
100,94.12,0
100,94.12,0
100,94.12,0
100,94.12,0
100,94.13,0
100,94.12,0
100,94.05,0
100,94.05,0
100,94.05,0
100,94.05,0
100,94.05,0
100,94.06,0
100,94.06,0
100,94.06,0
100,94.06,0
100,94.06,0
100,94.06,0
100,94.06,0
100,94.06,0
100,94.06,0
100,94.06,0
100,94.07,0
100,94.07,0
100,94.08,0
100,94.09,0
100,94.11,0
100,94.11,0
100,94.12,0
100,94.12,0
100,94.13,0
100,94.06,0
100,94.06,0
100,94.06,0
100,94.06,0
100,94.04,0
100,94.08,0
0.09,94.13,0
0,94.13,0
0.02,94.13,0
100,19.33,0
100,19.33,0
0.45,19.27,0
0,19.3,0
0,19.31,0
1.31,19.3,0
0,19.3,0
1.37,19.3,0
0,19.3,0
0,19.31,0
0.75,19.31,0
0.86,19.31,0
0,19.31,0
0,19.31,0
0.14,19.31,0
0.6,19.29,0
0,19.29,0
0,19.3,0
0.02,19.3,0
0.41,19.3,0
0.58,19.31,0
0.42,19.31,0
0,19.32,0
0.84,19.33,0
0,19.33,0
0,19.33,0
1.19,19.33,0
0.34,19.33,0
0,19.34,0
0.08,19.34,0
0.63,19.34,0
0,19.34,0
0,19.35,0
2.2,19.35,0
0,19.35,0
0.08,19.36,0
0,19.36,0
0,19.36,0
0.05,19.37,0
0,19.34,0
0.11,19.33,0
0,19.33,0
0,19.33,0
1.3,19.33,0
0,19.33,0
1.27,19.33,0
0.14,19.33,0
0,19.33,0
0,19.33,0
0.76,19.34,0
0.08,19.35,0
0.11,19.35,0
0.05,19.38,0
0,19.39,0
0,19.38,0
0.05,19.38,0
0.98,19.37,0
0.11,19.38,0
0,19.39,0
1.81,19.4,0
0,19.4,0
0.97,19.43,0
0,19.45,0
0.29,19.41,0
0,19.4,0
1.08,19.4,0
0,19.4,0
0.85,19.41,0
0,19.42,0
1.5,19.42,0
23.85,19.43,0
1.29,19.45,0
0,19.46,0
0,19.47,0
0.12,19.48,0
0,19.52,0
26.61,19.57,0
0,19.57,0
0.03,19.57,0
0,19.59,0
0,19.59,0
0,19.59,0
0,19.61,0
0.01,19.62,0
0,19.62,0
0.03,19.63,0
1.71,19.63,0
0,19.62,0
0.18,19.62,0
0,19.59,0
0.02,19.43,0
0,19.42,0
1.04,19.42,0
0,19.44,0
0,19.45,0
0,19.46,0
0.37,19.47,0
0,19.48,0
0,19.53,0
0,19.54,0
0,19.55,0
0.03,19.56,0
24.99,19.57,0
0.46,19.58,0
0,19.59,0
0,19.58,0
0.59,19.6,0
0,19.61,0
1.27,19.61,0
0,19.61,0
0,19.63,0
1.68,19.61,0
0,19.61,0
0,19.61,0
0,19.62,0
0.09,19.63,0
0,19.64,0
0.15,19.66,0
0,19.66,0
0,19.67,0
0,19.67,0
0.01,19.68,0
0.03,19.69,0
0,19.7,0
0,19.72,0
0.03,19.79,0
1.92,19.8,0
0,19.8,0
0,19.82,0
0,19.83,0
0.41,19.83,0
0,19.85,0
0,19.85,0
0,19.85,0
0,19.87,0
0.02,19.83,0
1.34,19.97,0
0,20.3,0
0,20.31,0
1.37,20.22,0
24,20.22,0
0,20.22,0
0.36,20.25,0
4.69,20.34,0
0.72,20.34,0
0,20.34,0
0,20.34,0
0.25,20.35,0
0.18,20.35,0
0,20.39,0
0,20.42,0
0,20.43,0
0,20.44,0
0.06,20.45,0
0,20.45,0
0,20.45,0
0.18,20.48,0
0,20.52,0
0.43,20.53,0
0,20.52,0
0.2,20.41,0
0,20.43,0
0.96,20.44,0
0.27,20.43,0
0,20.44,0
0.13,20.45,0
0,20.45,0
0.14,20.46,0
0,20.47,0
24.93,20.51,0
0.01,20.52,0
0.12,20.53,0
0,20.56,0
1.44,20.56,0
0,20.58,0
0.14,20.58,0
0.53,20.59,0
0.04,20.61,0
0.41,20.62,0
0,20.63,0
0.08,20.65,0
0,20.67,0
0.07,20.7,0
0,20.62,0
0,20.62,0
0.05,20.63,0
0,20.65,0
25.26,20.65,0
0,20.65,0
0,20.66,0
0.59,20.67,0
0,20.67,0
0.27,20.7,0
0.08,20.69,0
0.16,20.7,0
0,20.73,0
0,20.73,0
0,20.76,0
0.1,20.77,0
0,20.78,0
0.17,20.78,0
0.04,20.79,0
0.36,20.79,0
1.33,20.8,0
0,20.8,0
0.06,20.8,0
0,20.69,0
0,20.58,0
0,20.54,0
1.63,20.53,0
0,20.53,0
0.34,20.54,0
0,20.54,0
0,20.53,0
0.01,20.54,0
0,20.62,0
0.23,20.62,0
0,20.52,0
0.21,20.5,0
0.12,20.47,0
0.08,20.46,0
0,20.48,0
0.44,20.49,0
0,20.5,0
0.03,20.51,0
0.04,20.52,0
0,20.52,0
0.02,20.53,0
1.43,20.54,0
0.69,20.54,0
0,20.55,0
0.02,20.52,0
0,20.51,0
0,20.52,0
0,20.52,0
0.07,20.53,0
0.25,20.53,0
0,20.53,0
0.5,20.54,0
0.27,20.55,0
0,20.56,0
0,20.57,0
0.07,20.59,0
0,20.88,0
0,21.16,0
0,21.2,0
0,21.26,0
0,21.27,0
0.27,21.29,0
1.48,21.31,0
0,21.32,0
1.68,21.33,0
0,21.34,0
1.37,21.36,0
0,21.38,0
0.18,21.35,0
0.07,21.36,0
0,21.33,0
0,21.34,0
0.47,21.34,0
0,21.35,0
25.21,21.34,0
0,21.38,0
25.15,21.42,0
0.03,21.58,0
0,21.58,0
0.25,21.59,0
0.32,21.61,0
1.46,21.68,0
48.89,21.69,0
75.17,21.71,0
100,51.98,0
100,84.49,0
100,96.38,0
100,96.4,0
100,96.4,0
100,96.41,0
100,96.42,0
100,96.43,0
100,96.38,0
100,95.48,0
100,94.95,0
100,94.44,0
100,94.44,0
100,94.44,0
100,94.45,0
100,94.45,0
100,94.46,0
100,94.46,0
100,94.47,0
100,94.47,0
100,94.49,0
100,94.5,0
100,94.5,0
100,94.51,0
100,94.5,0
100,94.53,0
100,94.53,0
100,94.54,0
100,94.54,0
100,94.55,0
100,94.55,0
100,94.55,0
100,94.51,0
100,94.51,0
100,94.51,0
100,94.51,0
100,94.52,0
100,94.52,0
100,94.53,0
100,94.54,0
100,94.59,0
100,94.61,0
100,94.63,0
100,94.62,0
100,94.62,0
100,94.65,0
100,94.65,0
100,94.75,0
100,94.78,0
100,94.8,0
100,94.83,0
100,94.85,0
100,94.87,0
100,94.9,0
100,94.92,0
100,93.89,0
100,93.8,0
100,93.8,0
100,93.81,0
100,93.84,0
100,93.85,0
100,93.88,0
100,93.88,0
100,93.89,0
100,93.91,0
100,93.94,0
100,94.16,0
100,94.18,0
100,94.2,0
100,94.21,0
100,94.22,0
100,94.23,0
100,94.28,0
100,94.31,0
100,94.35,0
100,94.36,0
100,94.38,0
100,94.39,0
100,94.43,0
100,94.44,0
100,94.39,0
100,94.4,0
100,94.41,0
100,94.6,0
100,94.62,0
100,94.65,0
100,94.68,0
100,94.7,0
100,94.71,0
100,94.73,0
100,94.75,0
100,94.75,0
100,94.76,0
100,94.76,0
100,94.76,0
100,94.77,0
100,94.77,0
100,94.79,0
100,94.81,0
100,94.83,0
100,94.85,0
100,94.86,0
100,94.88,0
100,94.89,0
100,94.85,0
100,94.86,0
100,94.86,0
100,94.88,0
100,94.89,0
100,94.9,0
100,94.91,0
100,94.93,0
100,94.93,0
100,94.95,0
100,94.96,0
100,94.98,0
100,95.05,0
100,95.06,0
100,95.07,0
100,95.12,0
100,95.15,0
100,95.15,0
100,95.17,0
100,95.23,0
100,95.26,0
100,95.28,0
100,95.24,0
100,95.27,0
100,95.22,0
100,95.23,0
100,95.23,0
100,95.24,0
100,95.25,0
100,95.25,0
100,95.27,0
100,95.28,0
100,95.28,0
100,95.29,0
100,95.29,0
100,95.31,0
100,95.32,0
100,95.33,0
100,95.34,0
100,95.35,0
100,95.35,0
100,95.37,0
100,95.38,0
100,95.42,0
100,95.44,0
100,95.46,0
100,95.46,0
100,95.47,0
100,95.43,0
100,95.44,0
100,95.45,0
100,95.46,0
100,95.47,0
100,95.49,0
100,95.5,0
100,95.52,0
100,95.53,0
100,95.55,0
100,95.56,0
100,95.57,0
100,95.58,0
100,95.59,0
100,95.61,0
100,95.61,0
100,95.62,0
100,95.63,0
100,95.64,0
100,95.65,0
100,95.67,0
100,95.7,0
100,95.71,0
100,95.7,0
100,95.65,0
100,95.66,0
100,95.69,0
100,95.7,0
100,95.71,0
100,95.74,0
100,95.87,0
100,95.87,0
100,95.89,0
100,95.9,0
100,95.91,0
100,95.92,0
100,95.95,0
100,95.96,0
100,95.97,0
100,95.97,0
100,95.99,0
100,96,0
100,96.02,0
100,96.21,0
100,96.25,0
100,96.19,0
100,96.21,0
100,96.25,0
100,96.21,0
100,96.22,0
100,96.23,0
100,96.23,0
100,96.26,0
100,96.29,0
100,96.35,0
100,96.36,0
100,96.37,0
100,96.39,0
100,96.41,0
100,96.45,0
100,96.47,0
100,96.52,0
100,96.54,0
100,96.56,0
100,96.58,0
100,96.59,0
100,96.6,0
100,96.61,0
100,96.63,0
100,96.65,0
100,96.68,0
100,96.7,0
100,96.64,0
100,96.65,0
100,96.66,0
100,96.68,0
100,96.04,0
100,95.93,0
100,95.94,0
100,95.82,0
100,95.82,0
100,95.82,0
100,95.83,0
100,95.86,0
100,95.89,0
100,95.9,0
100,95.91,0
100,95.93,0
100,95.94,0
100,95.98,0
100,95.99,0
100,95.87,0
100,95.88,0
100,95.89,0
100,95.9,0
100,95.91,0
100,95.87,0
100,95.88,0
100,95.88,0
100,95.9,0
100,95.9,0
100,95.94,0
100,95.94,0
100,95.96,0
100,95.98,0
100,95.54,0
100,95.78,0
100,95.98,0
100,96.01,0
100,96.02,0
100,96.04,0
100,96.07,0
100,96.08,0
100,96.11,0
100,96.12,0
100,96.15,0
100,96.18,0
100,96.19,0
100,96.21,0
100,96.22,0
100,96.19,0
100,96.19,0
100,96.2,0
100,96.21,0
100,96.23,0
100,96.24,0
100,96.26,0
100,96.27,0
100,96.28,0
100,96.32,0
100,96.34,0
100,96.35,0
100,96.37,0
100,96.38,0
100,96.38,0
100,96.68,0
100,96.7,0
100,95.25,0
100,95.26,0
100,95.26,0
100,95.27,0
100,95.27,0
100,95.28,0
100,95.28,0
100,95.22,0
100,95.22,0
100,95.22,0
100,95.22,0
100,95.24,0
100,95.25,0
100,95.27,0
100,95.29,0
100,95.06,0
100,95.07,0
100,95.09,0
100,95.1,0
100,95.12,0
100,95.12,0
100,95.14,0
100,95.15,0
100,95.18,0
100,94.26,0
100,94.27,0
100,94.29,0
100,94.31,0
100,94.34,0
100,94.4,0
100,94.41,0
100,94.15,0
100,94.15,0
100,94.15,0
100,93.92,0
100,93.93,0
100,93.95,0
100,93.97,0
100,93.99,0
100,94,0
100,94.01,0
100,94.03,0
100,94.04,0
100,94.04,0
100,94.07,0
100,94.08,0
100,94.13,0
100,94.15,0
100,94.16,0
100,94.19,0
100,94.19,0
100,94.2,0
100,94.2,0
100,94.26,0
100,94.28,0
100,94.22,0
100,94.23,0
100,94.24,0
100,94.21,0
100,94.18,0
100,94.2,0
100,94.22,0
100,94.24,0
100,94.26,0
100,94.29,0
100,94.32,0
100,94.32,0
100,94.33,0
100,94.35,0
100,94.35,0
100,94.38,0
100,94.43,0
100,94.46,0
100,94.47,0
100,94.48,0
100,94.51,0
100,94.52,0
100,94.53,0
100,94.54,0
100,94.5,0
100,94.5,0
100,94.51,0
100,94.53,0
100,94.55,0
100,94.56,0
100,94.57,0
100,94.58,0
100,94.6,0
100,94.62,0
100,94.63,0
100,94.66,0
100,94.67,0
100,94.69,0
100,94.7,0
100,94.74,0
100,94.74,0
100,94.76,0
100,94.77,0
100,94.78,0
100,94.8,0
100,94.81,0
100,94.81,0
100,94.63,0
100,93.97,0
100,93.96,0
100,93.98,0
100,93.99,0
100,94.12,0
100,94.13,0
100,94.15,0
100,94.17,0
100,94.05,0
100,94.06,0
100,94.07,0
100,94.08,0
100,94.1,0
100,94.13,0
100,94.15,0
100,94.16,0
100,94.18,0
100,94.2,0
100,94.22,0
100,94.23,0
100,94.25,0
100,94.24,0
100,93.81,0
100,93.81,0
100,93.74,0
100,93.74,0
100,93.75,0
100,93.76,0
100,93.78,0
100,93.79,0
100,93.81,0
100,93.82,0
100,93.83,0
100,93.86,0
100,93.86,0
100,93.86,0
100,93.87,0
100,93.88,0
100,93.92,0
100,93.95,0
100,93.93,0
100,93.92,0
100,93.95,0
100,93.96,0
100,93.97,0
100,93.98,0
100,93.99,0
100,94.01,0
100,93.93,0
100,93.98,0
100,93.98,0
100,93.99,0
100,94,0
100,94.02,0
100,94.05,0
100,94.06,0
100,94.07,0
100,94.07,0
100,94.09,0
100,94.13,0
100,94.26,0
100,94.28,0
100,94.38,0
100,94.41,0
100,94.44,0
100,94.47,0
100,94.51,0
100,94.57,0
100,94.58,0
100,94.58,0
100,94.6,0
100,94.61,0
100,94.56,0
100,94.56,0
100,94.56,0
100,94.57,0
100,94.59,0
100,94.61,0
100,94.61,0
100,94.62,0
100,94.66,0
100,94.67,0
100,94.69,0
100,94.72,0
100,94.73,0
100,94.74,0
100,94.76,0
100,94.76,0
100,94.78,0
100,94.81,0
100,94.84,0
100,94.88,0
100,94.91,0
100,94.93,0
100,94.94,0
100,94.95,0
100,94.89,0
100,94.9,0
100,94.9,0
100,94.9,0
100,94.91,0
100,94.91,0
100,94.92,0
100,94.91,0
100,94.92,0
100,94.93,0
100,94.94,0
100,94.94,0
100,94.96,0
100,94.97,0
100,94.98,0
100,95.01,0
100,95.03,0
100,95.05,0
100,95.07,0
100,95.09,0
100,95.1,0
100,95.12,0
100,95.12,0
100,95.16,0
100,95.11,0
100,95.1,0
100,95.16,0
100,95.19,0
100,95.32,0
100,95.64,0
100,96.13,0
100,95.37,0
100,95.23,0
100,95.3,0
100,95.32,0
100,95.35,0
100,95.37,0
100,95.4,0
100,95.46,0
100,95.59,0
100,95.6,0
100,95.63,0
100,95.65,0
100,95.88,0
100,96.21,0
100,96.42,0
100,96.45,0
100,95.47,0
100,95.42,0
100,95.42,0
100,95.42,0
100,95.43,0
100,95.43,0
100,95.43,0
100,95.3,0
100,95.3,0
100,95.34,0
100,95.38,0
100,95.39,0
100,95.41,0
100,95.42,0
100,95.44,0
100,94.47,0
100,94.46,0
100,94.47,0
100,94.47,0
100,94.47,0
100,94.43,0
100,94.43,0
100,94.45,0
100,94.47,0
100,94.49,0
100,94.41,0
100,94.41,0
100,94.43,0
100,94.46,0
100,94.45,0
100,94.49,0
100,94.49,0
100,94.5,0
100,94.53,0
100,94.55,0
100,94.54,0
100,94.57,0
100,94.6,0
100,94.67,0
100,94.68,0
100,94.69,0
100,94.72,0
100,94.74,0
100,94.75,0
100,94.78,0
100,94.77,0
100,94.79,0
100,94.82,0
100,94.42,0
100,94.33,0
100,94.34,0
100,94.35,0
100,94.38,0
100,94.38,0
100,94.4,0
100,94.39,0
100,94.4,0
100,94.43,0
100,94.42,0
100,94.43,0
100,94.47,0
100,94.48,0
100,94.48,0
100,94.53,0
100,94.54,0
100,94.54,0
100,94.55,0
100,94.57,0
100,94.58,0
100,94.59,0
100,94.61,0
100,94.62,0
100,94.63,0
100,94.58,0
100,94.59,0
100,94.6,0
100,94.61,0
100,94.63,0
100,94.63,0
100,94.63,0
100,94.64,0
100,94.64,0
100,94.66,0
100,94.67,0
100,94.68,0
100,94.69,0
100,94.72,0
100,94.75,0
100,94.77,0
100,94.78,0
100,94.87,0
100,95.09,0
100,95.11,0
100,95.13,0
100,95.14,0
100,95.17,0
100,95.22,0
100,95.24,0
100,95.25,0
100,95.25,0
100,95.3,0
100,95.35,0
100,95.35,0
100,95.31,0
100,95.33,0
100,95.34,0
100,95.35,0
100,95.36,0
100,95.37,0
100,95.37,0
100,95.38,0
100,95.39,0
100,95.39,0
100,95.42,0
100,95.44,0
100,95.47,0
100,95.47,0
100,95.51,0
100,95.55,0
100,95.57,0
100,95.54,0
100,95.49,0
100,95.49,0
100,95.52,0
100,95.52,0
100,95.53,0
100,95.54,0
100,95.55,0
100,95.56,0
100,95.6,0
100,95.61,0
100,95.61,0
100,95.61,0
100,95.62,0
100,95.62,0
100,95.65,0
100,95.65,0
100,95.65,0
100,95.67,0
100,95.68,0
100,95.72,0
100,95.76,0
100,95.78,0
100,95.81,0
100,96.01,0
100,95.98,0
100,95.97,0
100,95.98,0
100,95.98,0
100,96.02,0
100,96.13,0
100,96.13,0
100,95.98,0
100,95.97,0
100,95.97,0
100,96.16,0
100,96.16,0
100,96.17,0
100,96.18,0
100,96.21,0
100,96.23,0
100,96.23,0
100,96.24,0
100,96.25,0
100,96.28,0
100,96.6,0
100,96.61,0
100,96.67,0
100,96.65,0
100,96.62,0
100,96.65,0
100,95.87,0
100,95.5,0
100,95.59,0
100,95.62,0
100,95.68,0
100,95.72,0
100,95.72,0
100,95.66,0
100,95.51,0
100,95.52,0
100,95.52,0
100,95.53,0
100,95.55,0
100,95.56,0
100,95.58,0
100,95.59,0
100,95.59,0
100,95.6,0
100,95.62,0
100,95.65,0
100,95.66,0
100,95.68,0
100,95.64,0
100,95.64,0
100,95.66,0
100,95.67,0
100,95.68,0
100,95.69,0
100,95.72,0
100,95.74,0
100,95.75,0
100,95.76,0
100,95.77,0
100,95.78,0
100,95.78,0
100,95.78,0
100,95.77,0
100,95.79,0
100,95.81,0
100,95.82,0
100,95.83,0
100,95.85,0
100,95.91,0
100,95.94,0
100,95.95,0
100,95.98,0
100,96,0
100,96.03,0
100,96.1,0
100,96.22,0
100,96.22,0
100,96.25,0
100,96.26,0
100,96.28,0
100,96.29,0
100,96.29,0
100,96.3,0
100,96.31,0
100,96.32,0
100,96.34,0
100,96.35,0
100,96.36,0
100,96.37,0
100,96.37,0
100,96.39,0
100,96.39,0
100,96.4,0
100,96.41,0
100,96.43,0
100,96.46,0
100,96.41,0
100,96.41,0
100,96.42,0
100,96.43,0
100,96.44,0
100,96.47,0
100,96.49,0
100,96.53,0
100,96.53,0
100,96.54,0
100,96.55,0
100,96.56,0
100,96.57,0
100,96.58,0
100,96.61,0
100,96.63,0
100,96.65,0
100,96.66,0
100,96.69,0
100,96.7,0
100,96.72,0
100,96.8,0
100,96.84,0
100,96.85,0
100,95.66,0
100,95.66,0
100,95.66,0
100,95.67,0
100,95.67,0
100,95.67,0
100,95.62,0
100,95.63,0
100,95.61,0
100,95.64,0
100,95.65,0
100,95.65,0
100,95.67,0
100,95.7,0
100,95.73,0
100,95.71,0
100,95.76,0
100,95.78,0
100,95.8,0
100,95.83,0
100,95.87,0
100,95.87,0
100,95.89,0
100,95.9,0
100,95.89,0
100,92.71,0
100,92.74,0
100,92.75,0
100,92.57,0
100,92.48,0
100,92.52,0
100,92.52,0
100,92.54,0
100,92.62,0
100,92.63,0
100,92.66,0
100,92.63,0
100,92.66,0
100,92.66,0
100,92.67,0
100,92.68,0
100,92.7,0
100,92.71,0
100,92.72,0
100,92.72,0
100,92.72,0
100,92.73,0
100,92.74,0
100,92.68,0
100,92.7,0
100,92.72,0
100,92.72,0
100,92.73,0
100,92.78,0
100,92.79,0
100,92.82,0
100,92.84,0
100,92.85,0
100,92.85,0
100,92.88,0
100,92.9,0
100,92.91,0
100,92.92,0
100,92.92,0
100,92.94,0
100,92.97,0
100,92.99,0
100,93.01,0
100,93.03,0
100,93.1,0
100,93.12,0
100,93.15,0
100,93.08,0
100,93.18,0
100,93.35,0
100,93.35,0
100,93.36,0
100,93.71,0
100,93.74,0
100,93.78,0
100,93.8,0
100,93.84,0
100,93.85,0
100,93.85,0
100,93.86,0
100,93.89,0
100,93.9,0
100,93.91,0
100,93.94,0
100,93.95,0
100,93.96,0
100,94.01,0
100,94.03,0
100,94.07,0
100,94.11,0
100,94.15,0
100,94.1,0
100,94.06,0
100,94.09,0
100,94.11,0
20.41,94.13,0
0.39,94.14,0
0,94.16,0
71.5,19.5,0
75.03,19.44,0
1.45,19.43,0
0,19.43,0
24.86,19.48,0
0,19.49,0
0,19.51,0
0.85,19.51,0
0.46,19.51,0
0.1,19.51,0
0,19.55,0
0,19.56,0
0.29,19.58,0
0.19,19.59,0
0.14,19.6,0
0,19.61,0
0,19.62,0
0.14,19.6,0
0.44,19.6,0
0.01,19.58,0
1.46,19.59,0
0,19.61,0
0,19.62,0
0.55,19.63,0
0.03,19.66,0
0,19.68,0
1,19.69,0
0,19.7,0
1.15,19.72,0
0.11,19.75,0
0,19.78,0
0.82,19.79,0
24.36,19.8,0
25.34,19.8,0
0.36,19.81,0
0.03,19.84,0
0,19.88,0
0.01,19.89,0
0.18,19.9,0
25,19.89,0
0.12,19.93,0
0.27,19.88,0
0,19.88,0
0.2,19.88,0
0.16,19.89,0
0.21,19.88,0
0.11,19.92,0
0,19.94,0
0,19.96,0
0,19.97,0
25.53,19.98,0
0,19.99,0
1.2,20,0
0.19,20.02,0
24.62,20.04,0
0,20.06,0
0.48,20.07,0
0,19.98,0
25.15,19.98,0
0,19.98,0
0.15,20,0
0.26,20.01,0
25.12,20.08,0
50.35,20.16,0
25.57,20.18,0
23.85,20.17,0
24.53,20.17,0
0.04,20.16,0
0.64,20.15,0
0,20.17,0
25.24,20.23,0
0.09,20.23,0
0,20.24,0
0,20.28,0
0.27,20.3,0
0.33,20.3,0
0,20.29,0
25.3,20.32,0
